date,new_cases,new_deaths,new_cases_smoothed,new_deaths_smoothed,total_cases,total_deaths,hosp_patients,reproduction_rate
2020-03-01,33.0,1.0,4.71,0.14,73.0,1.0,,
2020-03-02,0.0,0.0,4.71,0.14,73.0,1.0,,
2020-03-03,0.0,0.0,4.71,0.14,73.0,1.0,,
2020-03-04,0.0,0.0,4.71,0.14,73.0,1.0,,
2020-03-05,0.0,0.0,4.71,0.14,73.0,1.0,,3.59
2020-03-06,0.0,0.0,4.71,0.14,73.0,1.0,,3.55
2020-03-07,0.0,0.0,4.71,0.14,73.0,1.0,,3.56
2020-03-08,391.0,18.0,55.86,2.57,464.0,19.0,,3.46
2020-03-09,0.0,0.0,55.86,2.57,464.0,19.0,,3.35
2020-03-10,0.0,0.0,55.86,2.57,464.0,19.0,,3.37
2020-03-11,0.0,0.0,55.86,2.57,464.0,19.0,,3.42
2020-03-12,0.0,0.0,55.86,2.57,464.0,19.0,,3.41
2020-03-13,0.0,0.0,55.86,2.57,464.0,19.0,,3.42
2020-03-14,0.0,0.0,55.86,2.57,464.0,19.0,,3.38
2020-03-15,3465.0,50.0,495.0,7.14,3929.0,69.0,,3.42
2020-03-16,0.0,0.0,495.0,7.14,3929.0,69.0,,3.58
2020-03-17,0.0,0.0,495.0,7.14,3929.0,69.0,,3.61
2020-03-18,0.0,0.0,495.0,7.14,3929.0,69.0,,3.6
2020-03-19,0.0,0.0,495.0,7.14,3929.0,69.0,,3.56
2020-03-20,0.0,0.0,495.0,7.14,3929.0,69.0,,3.47
2020-03-21,0.0,0.0,495.0,7.14,3929.0,69.0,,3.3
2020-03-22,27486.0,305.0,3926.57,43.57,31415.0,374.0,,3.18
2020-03-23,0.0,0.0,3926.57,43.57,31415.0,374.0,,2.98
2020-03-24,0.0,0.0,3926.57,43.57,31415.0,374.0,,2.75
2020-03-25,0.0,0.0,3926.57,43.57,31415.0,374.0,,2.57
2020-03-26,0.0,0.0,3926.57,43.57,31415.0,374.0,,2.43
2020-03-27,0.0,0.0,3926.57,43.57,31415.0,374.0,,2.32
2020-03-28,0.0,0.0,3926.57,43.57,31415.0,374.0,,2.22
2020-03-29,94894.0,1732.0,13556.29,247.43,126309.0,2106.0,,2.12
2020-03-30,0.0,0.0,13556.29,247.43,126309.0,2106.0,,2.02
2020-03-31,0.0,0.0,13556.29,247.43,126309.0,2106.0,,1.94
2020-04-01,0.0,0.0,13556.29,247.43,126309.0,2106.0,,1.85
2020-04-02,0.0,0.0,13556.29,247.43,126309.0,2106.0,,1.73
2020-04-03,0.0,0.0,13556.29,247.43,126309.0,2106.0,,1.63
2020-04-04,0.0,0.0,13556.29,247.43,126309.0,2106.0,,1.56
2020-04-05,176151.0,6642.0,25164.43,948.86,302460.0,8748.0,,1.49
2020-04-06,0.0,0.0,25164.43,948.86,302460.0,8748.0,,1.41
2020-04-07,0.0,0.0,25164.43,948.86,302460.0,8748.0,,1.33
2020-04-08,0.0,0.0,25164.43,948.86,302460.0,8748.0,,1.26
2020-04-09,0.0,0.0,25164.43,948.86,302460.0,8748.0,,1.21
2020-04-10,0.0,0.0,25164.43,948.86,302460.0,8748.0,,1.16
2020-04-11,0.0,0.0,25164.43,948.86,302460.0,8748.0,,1.13
2020-04-12,219172.0,13889.0,31310.29,1984.14,521632.0,22637.0,,1.11
2020-04-13,0.0,0.0,31310.29,1984.14,521632.0,22637.0,,1.08
2020-04-14,0.0,0.0,31310.29,1984.14,521632.0,22637.0,,1.05
2020-04-15,0.0,0.0,31310.29,1984.14,521632.0,22637.0,,1.02
2020-04-16,0.0,0.0,31310.29,1984.14,521632.0,22637.0,,1.01
2020-04-17,0.0,0.0,31310.29,1984.14,521632.0,22637.0,,1.01
2020-04-18,0.0,0.0,31310.29,1984.14,521632.0,22637.0,,1.02
2020-04-19,196150.0,15898.0,28021.43,2271.14,717782.0,38535.0,,1.03
2020-04-20,0.0,0.0,28021.43,2271.14,717782.0,38535.0,,1.03
2020-04-21,0.0,0.0,28021.43,2271.14,717782.0,38535.0,,1.02
2020-04-22,0.0,0.0,28021.43,2271.14,717782.0,38535.0,,1.01
2020-04-23,0.0,0.0,28021.43,2271.14,717782.0,38535.0,,1.0
2020-04-24,0.0,0.0,28021.43,2271.14,717782.0,38535.0,,0.99
2020-04-25,0.0,0.0,28021.43,2271.14,717782.0,38535.0,,1.0
2020-04-26,205165.0,14899.0,29309.29,2128.43,922947.0,53434.0,,0.99
2020-04-27,0.0,0.0,29309.29,2128.43,922947.0,53434.0,,0.98
2020-04-28,0.0,0.0,29309.29,2128.43,922947.0,53434.0,,0.97
2020-04-29,0.0,0.0,29309.29,2128.43,922947.0,53434.0,,0.97
2020-04-30,0.0,0.0,29309.29,2128.43,922947.0,53434.0,,0.96
2020-05-01,0.0,0.0,29309.29,2128.43,922947.0,53434.0,,0.97
2020-05-02,0.0,0.0,29309.29,2128.43,922947.0,53434.0,,0.96
2020-05-03,198436.0,13635.0,28348.0,1947.86,1121383.0,67069.0,,0.95
2020-05-04,0.0,0.0,28348.0,1947.86,1121383.0,67069.0,,0.95
2020-05-05,0.0,0.0,28348.0,1947.86,1121383.0,67069.0,,0.93
2020-05-06,0.0,0.0,28348.0,1947.86,1121383.0,67069.0,,0.92
2020-05-07,0.0,0.0,28348.0,1947.86,1121383.0,67069.0,,0.91
2020-05-08,0.0,0.0,28348.0,1947.86,1121383.0,67069.0,,0.91
2020-05-09,0.0,0.0,28348.0,1947.86,1121383.0,67069.0,,0.91
2020-05-10,182246.0,12758.0,26035.14,1822.57,1303629.0,79827.0,,0.91
2020-05-11,0.0,0.0,26035.14,1822.57,1303629.0,79827.0,,0.91
2020-05-12,0.0,0.0,26035.14,1822.57,1303629.0,79827.0,,0.92
2020-05-13,0.0,0.0,26035.14,1822.57,1303629.0,79827.0,,0.92
2020-05-14,0.0,0.0,26035.14,1822.57,1303629.0,79827.0,,0.92
2020-05-15,0.0,0.0,26035.14,1822.57,1303629.0,79827.0,,0.93
2020-05-16,0.0,0.0,26035.14,1822.57,1303629.0,79827.0,,0.94
2020-05-17,169032.0,10130.0,24147.43,1447.14,1472661.0,89957.0,,0.95
2020-05-18,0.0,0.0,24147.43,1447.14,1472661.0,89957.0,,0.95
2020-05-19,0.0,0.0,24147.43,1447.14,1472661.0,89957.0,,0.95
2020-05-20,0.0,0.0,24147.43,1447.14,1472661.0,89957.0,,0.95
2020-05-21,0.0,0.0,24147.43,1447.14,1472661.0,89957.0,,0.95
2020-05-22,0.0,0.0,24147.43,1447.14,1472661.0,89957.0,,0.94
2020-05-23,0.0,0.0,24147.43,1447.14,1472661.0,89957.0,,0.94
2020-05-24,166325.0,8558.0,23760.71,1222.57,1638986.0,98515.0,,0.95
2020-05-25,0.0,0.0,23760.71,1222.57,1638986.0,98515.0,,0.94
2020-05-26,0.0,0.0,23760.71,1222.57,1638986.0,98515.0,,0.94
2020-05-27,0.0,0.0,23760.71,1222.57,1638986.0,98515.0,,0.94
2020-05-28,0.0,0.0,23760.71,1222.57,1638986.0,98515.0,,0.95
2020-05-29,0.0,0.0,23760.71,1222.57,1638986.0,98515.0,,0.97
2020-05-30,0.0,0.0,23760.71,1222.57,1638986.0,98515.0,,0.98
2020-05-31,146436.0,6810.0,20919.43,972.86,1785422.0,105325.0,,0.99
2020-06-01,0.0,0.0,20919.43,972.86,1785422.0,105325.0,,0.99
2020-06-02,0.0,0.0,20919.43,972.86,1785422.0,105325.0,,1.0
2020-06-03,0.0,0.0,20919.43,972.86,1785422.0,105325.0,,1.0
2020-06-04,0.0,0.0,20919.43,972.86,1785422.0,105325.0,,1.02
2020-06-05,0.0,0.0,20919.43,972.86,1785422.0,105325.0,,1.01
2020-06-06,0.0,0.0,20919.43,972.86,1785422.0,105325.0,,1.0
2020-06-07,149780.0,5987.0,21397.14,855.29,1935202.0,111312.0,,1.0
2020-06-08,0.0,0.0,21397.14,855.29,1935202.0,111312.0,,1.0
2020-06-09,0.0,0.0,21397.14,855.29,1935202.0,111312.0,,1.01
2020-06-10,0.0,0.0,21397.14,855.29,1935202.0,111312.0,,1.02
2020-06-11,0.0,0.0,21397.14,855.29,1935202.0,111312.0,,1.04
2020-06-12,0.0,0.0,21397.14,855.29,1935202.0,111312.0,,1.06
2020-06-13,0.0,0.0,21397.14,855.29,1935202.0,111312.0,,1.08
2020-06-14,151876.0,5370.0,21696.57,767.14,2087078.0,116682.0,,1.09
2020-06-15,0.0,0.0,21696.57,767.14,2087078.0,116682.0,,1.11
2020-06-16,0.0,0.0,21696.57,767.14,2087078.0,116682.0,,1.13
2020-06-17,0.0,0.0,21696.57,767.14,2087078.0,116682.0,,1.16
2020-06-18,0.0,0.0,21696.57,767.14,2087078.0,116682.0,,1.18
2020-06-19,0.0,0.0,21696.57,767.14,2087078.0,116682.0,,1.2
2020-06-20,0.0,0.0,21696.57,767.14,2087078.0,116682.0,,1.22
2020-06-21,180021.0,4455.0,25717.29,636.43,2267099.0,121137.0,,1.24
2020-06-22,0.0,0.0,25717.29,636.43,2267099.0,121137.0,,1.26
2020-06-23,0.0,0.0,25717.29,636.43,2267099.0,121137.0,,1.28
2020-06-24,0.0,0.0,25717.29,636.43,2267099.0,121137.0,,1.29
2020-06-25,0.0,0.0,25717.29,636.43,2267099.0,121137.0,,1.29
2020-06-26,0.0,0.0,25717.29,636.43,2267099.0,121137.0,,1.3
2020-06-27,0.0,0.0,25717.29,636.43,2267099.0,121137.0,,1.3
2020-06-28,258278.0,6081.0,36896.86,868.71,2525377.0,127218.0,,1.3
2020-06-29,0.0,0.0,36896.86,868.71,2525377.0,127218.0,,1.29
2020-06-30,0.0,0.0,36896.86,868.71,2525377.0,127218.0,,1.27
2020-07-01,0.0,0.0,36896.86,868.71,2525377.0,127218.0,,1.26
2020-07-02,0.0,0.0,36896.86,868.71,2525377.0,127218.0,,1.24
2020-07-03,0.0,0.0,36896.86,868.71,2525377.0,127218.0,,1.22
2020-07-04,0.0,0.0,36896.86,868.71,2525377.0,127218.0,,1.21
2020-07-05,342166.0,4451.0,48880.86,635.86,2867543.0,131669.0,,1.21
2020-07-06,0.0,0.0,48880.86,635.86,2867543.0,131669.0,,1.21
2020-07-07,0.0,0.0,48880.86,635.86,2867543.0,131669.0,,1.2
2020-07-08,0.0,0.0,48880.86,635.86,2867543.0,131669.0,,1.2
2020-07-09,0.0,0.0,48880.86,635.86,2867543.0,131669.0,,1.2
2020-07-10,0.0,0.0,48880.86,635.86,2867543.0,131669.0,,1.19
2020-07-11,0.0,0.0,48880.86,635.86,2867543.0,131669.0,,1.18
2020-07-12,392205.0,5529.0,56029.29,789.86,3259748.0,137198.0,,1.18
2020-07-13,0.0,0.0,56029.29,789.86,3259748.0,137198.0,,1.16
2020-07-14,0.0,0.0,56029.29,789.86,3259748.0,137198.0,,1.15
2020-07-15,0.0,0.0,56029.29,789.86,3259748.0,137198.0,33760.0,1.13
2020-07-16,0.0,0.0,56029.29,789.86,3259748.0,137198.0,38539.0,1.11
2020-07-17,0.0,0.0,56029.29,789.86,3259748.0,137198.0,40062.0,1.1
2020-07-18,0.0,0.0,56029.29,789.86,3259748.0,137198.0,40376.0,1.09
2020-07-19,466267.0,6666.0,66609.57,952.29,3726015.0,143864.0,37897.0,1.08
2020-07-20,0.0,0.0,66609.57,952.29,3726015.0,143864.0,41140.0,1.07
2020-07-21,0.0,0.0,66609.57,952.29,3726015.0,143864.0,42195.0,1.06
2020-07-22,0.0,0.0,66609.57,952.29,3726015.0,143864.0,46107.0,1.05
2020-07-23,0.0,0.0,66609.57,952.29,3726015.0,143864.0,47834.0,1.04
2020-07-24,0.0,0.0,66609.57,952.29,3726015.0,143864.0,46748.0,1.03
2020-07-25,0.0,0.0,66609.57,952.29,3726015.0,143864.0,51831.0,1.02
2020-07-26,467901.0,7726.0,66843.0,1103.71,4193916.0,151590.0,43096.0,1.01
2020-07-27,0.0,0.0,66843.0,1103.71,4193916.0,151590.0,47165.0,1.0
2020-07-28,0.0,0.0,66843.0,1103.71,4193916.0,151590.0,48115.0,0.99
2020-07-29,0.0,0.0,66843.0,1103.71,4193916.0,151590.0,45617.0,0.98
2020-07-30,0.0,0.0,66843.0,1103.71,4193916.0,151590.0,46832.0,0.96
2020-07-31,0.0,0.0,66843.0,1103.71,4193916.0,151590.0,46150.0,0.95
2020-08-01,0.0,0.0,66843.0,1103.71,4193916.0,151590.0,50419.0,0.94
2020-08-02,431250.0,8146.0,61607.14,1163.71,4625166.0,159736.0,50238.0,0.93
2020-08-03,0.0,0.0,61607.14,1163.71,4625166.0,159736.0,45291.0,0.93
2020-08-04,0.0,0.0,61607.14,1163.71,4625166.0,159736.0,45134.0,0.94
2020-08-05,0.0,0.0,61607.14,1163.71,4625166.0,159736.0,44663.0,0.94
2020-08-06,0.0,0.0,61607.14,1163.71,4625166.0,159736.0,43891.0,0.95
2020-08-07,0.0,0.0,61607.14,1163.71,4625166.0,159736.0,43210.0,0.96
2020-08-08,0.0,0.0,61607.14,1163.71,4625166.0,159736.0,41593.0,0.97
2020-08-09,375909.0,7799.0,53701.29,1114.14,5001075.0,167535.0,41484.0,0.97
2020-08-10,0.0,0.0,53701.29,1114.14,5001075.0,167535.0,42072.0,0.96
2020-08-11,0.0,0.0,53701.29,1114.14,5001075.0,167535.0,41645.0,0.95
2020-08-12,0.0,0.0,53701.29,1114.14,5001075.0,167535.0,41817.0,0.94
2020-08-13,0.0,0.0,53701.29,1114.14,5001075.0,167535.0,41240.0,0.92
2020-08-14,0.0,0.0,53701.29,1114.14,5001075.0,167535.0,39980.0,0.92
2020-08-15,0.0,0.0,53701.29,1114.14,5001075.0,167535.0,38699.0,0.9
2020-08-16,362662.0,7404.0,51808.86,1057.71,5363737.0,174939.0,38850.0,0.88
2020-08-17,0.0,0.0,51808.86,1057.71,5363737.0,174939.0,39032.0,0.87
2020-08-18,0.0,0.0,51808.86,1057.71,5363737.0,174939.0,38897.0,0.87
2020-08-19,0.0,0.0,51808.86,1057.71,5363737.0,174939.0,38002.0,0.87
2020-08-20,0.0,0.0,51808.86,1057.71,5363737.0,174939.0,37321.0,0.86
2020-08-21,0.0,0.0,51808.86,1057.71,5363737.0,174939.0,35972.0,0.87
2020-08-22,0.0,0.0,51808.86,1057.71,5363737.0,174939.0,34888.0,0.87
2020-08-23,315788.0,6677.0,45112.57,953.86,5679525.0,181616.0,34609.0,0.88
2020-08-24,0.0,0.0,45112.57,953.86,5679525.0,181616.0,34791.0,0.9
2020-08-25,0.0,0.0,45112.57,953.86,5679525.0,181616.0,34479.0,0.91
2020-08-26,0.0,0.0,45112.57,953.86,5679525.0,181616.0,33624.0,0.92
2020-08-27,0.0,0.0,45112.57,953.86,5679525.0,181616.0,33285.0,0.93
2020-08-28,0.0,0.0,45112.57,953.86,5679525.0,181616.0,31898.0,0.93
2020-08-29,0.0,0.0,45112.57,953.86,5679525.0,181616.0,31178.0,0.93
2020-08-30,294946.0,6343.0,42135.14,906.14,5974471.0,187959.0,31075.0,0.93
2020-08-31,0.0,0.0,42135.14,906.14,5974471.0,187959.0,31395.0,0.94
2020-09-01,0.0,0.0,42135.14,906.14,5974471.0,187959.0,31118.0,0.94
2020-09-02,0.0,0.0,42135.14,906.14,5974471.0,187959.0,30827.0,0.94
2020-09-03,0.0,0.0,42135.14,906.14,5974471.0,187959.0,30296.0,0.94
2020-09-04,0.0,0.0,42135.14,906.14,5974471.0,187959.0,29879.0,0.93
2020-09-05,0.0,0.0,42135.14,906.14,5974471.0,187959.0,28845.0,0.92
2020-09-06,295253.0,5705.0,42179.0,815.0,6269724.0,193664.0,28369.0,0.91
2020-09-07,0.0,0.0,42179.0,815.0,6269724.0,193664.0,28589.0,0.9
2020-09-08,0.0,0.0,42179.0,815.0,6269724.0,193664.0,28951.0,0.91
2020-09-09,0.0,0.0,42179.0,815.0,6269724.0,193664.0,28775.0,0.94
2020-09-10,0.0,0.0,42179.0,815.0,6269724.0,193664.0,28065.0,0.96
2020-09-11,0.0,0.0,42179.0,815.0,6269724.0,193664.0,27368.0,0.99
2020-09-12,0.0,0.0,42179.0,815.0,6269724.0,193664.0,26512.0,1.02
2020-09-13,245621.0,4977.0,35088.71,711.0,6515345.0,198641.0,26329.0,1.03
2020-09-14,0.0,0.0,35088.71,711.0,6515345.0,198641.0,26788.0,1.03
2020-09-15,0.0,0.0,35088.71,711.0,6515345.0,198641.0,26935.0,1.03
2020-09-16,0.0,0.0,35088.71,711.0,6515345.0,198641.0,26372.0,1.04
2020-09-17,0.0,0.0,35088.71,711.0,6515345.0,198641.0,26085.0,1.04
2020-09-18,0.0,0.0,35088.71,711.0,6515345.0,198641.0,25833.0,1.05
2020-09-19,0.0,0.0,35088.71,711.0,6515345.0,198641.0,25480.0,1.05
2020-09-20,280977.0,5176.0,40139.57,739.43,6796322.0,203817.0,25543.0,1.04
2020-09-21,0.0,0.0,40139.57,739.43,6796322.0,203817.0,26379.0,1.03
2020-09-22,0.0,0.0,40139.57,739.43,6796322.0,203817.0,26440.0,1.03
2020-09-23,0.0,0.0,40139.57,739.43,6796322.0,203817.0,26484.0,1.03
2020-09-24,0.0,0.0,40139.57,739.43,6796322.0,203817.0,26407.0,1.02
2020-09-25,0.0,0.0,40139.57,739.43,6796322.0,203817.0,26275.0,1.02
2020-09-26,0.0,0.0,40139.57,739.43,6796322.0,203817.0,25904.0,1.02
2020-09-27,304774.0,4776.0,43539.14,682.29,7101096.0,208593.0,25970.0,1.02
2020-09-28,0.0,0.0,43539.14,682.29,7101096.0,208593.0,27021.0,1.03
2020-09-29,0.0,0.0,43539.14,682.29,7101096.0,208593.0,27505.0,1.03
2020-09-30,0.0,0.0,43539.14,682.29,7101096.0,208593.0,27669.0,1.03
2020-10-01,0.0,0.0,43539.14,682.29,7101096.0,208593.0,27478.0,1.04
2020-10-02,0.0,0.0,43539.14,682.29,7101096.0,208593.0,27407.0,1.05
2020-10-03,0.0,0.0,43539.14,682.29,7101096.0,208593.0,27271.0,1.06
2020-10-04,298348.0,4687.0,42621.14,669.57,7399444.0,213280.0,27871.0,1.06
2020-10-05,0.0,0.0,42621.14,669.57,7399444.0,213280.0,28956.0,1.07
2020-10-06,0.0,0.0,42621.14,669.57,7399444.0,213280.0,29999.0,1.09
2020-10-07,0.0,0.0,42621.14,669.57,7399444.0,213280.0,30543.0,1.1
2020-10-08,0.0,0.0,42621.14,669.57,7399444.0,213280.0,31015.0,1.11
2020-10-09,0.0,0.0,42621.14,669.57,7399444.0,213280.0,31207.0,1.11
2020-10-10,0.0,0.0,42621.14,669.57,7399444.0,213280.0,30981.0,1.12
2020-10-11,334249.0,4615.0,47749.86,659.29,7733693.0,217895.0,31435.0,1.12
2020-10-12,0.0,0.0,47749.86,659.29,7733693.0,217895.0,32780.0,1.12
2020-10-13,0.0,0.0,47749.86,659.29,7733693.0,217895.0,33508.0,1.13
2020-10-14,0.0,0.0,47749.86,659.29,7733693.0,217895.0,33936.0,1.14
2020-10-15,0.0,0.0,47749.86,659.29,7733693.0,217895.0,34388.0,1.15
2020-10-16,0.0,0.0,47749.86,659.29,7733693.0,217895.0,34641.0,1.15
2020-10-17,0.0,0.0,47749.86,659.29,7733693.0,217895.0,34322.0,1.15
2020-10-18,387634.0,4801.0,55376.29,685.86,8121327.0,222696.0,35016.0,1.17
2020-10-19,0.0,0.0,55376.29,685.86,8121327.0,222696.0,36432.0,1.18
2020-10-20,0.0,0.0,55376.29,685.86,8121327.0,222696.0,37414.0,1.17
2020-10-21,0.0,0.0,55376.29,685.86,8121327.0,222696.0,38105.0,1.17
2020-10-22,0.0,0.0,55376.29,685.86,8121327.0,222696.0,38849.0,1.18
2020-10-23,0.0,0.0,55376.29,685.86,8121327.0,222696.0,39080.0,1.18
2020-10-24,0.0,0.0,55376.29,685.86,8121327.0,222696.0,39341.0,1.19
2020-10-25,449438.0,5723.0,64205.43,817.57,8570765.0,228419.0,39986.0,1.18
2020-10-26,0.0,0.0,64205.43,817.57,8570765.0,228419.0,41336.0,1.19
2020-10-27,0.0,0.0,64205.43,817.57,8570765.0,228419.0,42272.0,1.2
2020-10-28,0.0,0.0,64205.43,817.57,8570765.0,228419.0,43487.0,1.21
2020-10-29,0.0,0.0,64205.43,817.57,8570765.0,228419.0,44166.0,1.21
2020-10-30,0.0,0.0,64205.43,817.57,8570765.0,228419.0,45075.0,1.22
2020-10-31,0.0,0.0,64205.43,817.57,8570765.0,228419.0,45049.0,1.22
2020-11-01,559394.0,6096.0,79913.43,870.86,9130159.0,234515.0,46054.0,1.24
2020-11-02,0.0,0.0,79913.43,870.86,9130159.0,234515.0,47938.0,1.25
2020-11-03,0.0,0.0,79913.43,870.86,9130159.0,234515.0,49028.0,1.27
2020-11-04,0.0,0.0,79913.43,870.86,9130159.0,234515.0,50468.0,1.27
2020-11-05,0.0,0.0,79913.43,870.86,9130159.0,234515.0,51790.0,1.27
2020-11-06,0.0,0.0,79913.43,870.86,9130159.0,234515.0,52843.0,1.27
2020-11-07,0.0,0.0,79913.43,870.86,9130159.0,234515.0,53822.0,1.28
2020-11-08,790094.0,7204.0,112870.57,1029.14,9920253.0,241719.0,55716.0,1.28
2020-11-09,0.0,0.0,112870.57,1029.14,9920253.0,241719.0,58475.0,1.27
2020-11-10,0.0,0.0,112870.57,1029.14,9920253.0,241719.0,61421.0,1.26
2020-11-11,0.0,0.0,112870.57,1029.14,9920253.0,241719.0,63328.0,1.26
2020-11-12,0.0,0.0,112870.57,1029.14,9920253.0,241719.0,65219.0,1.26
2020-11-13,0.0,0.0,112870.57,1029.14,9920253.0,241719.0,66128.0,1.25
2020-11-14,0.0,0.0,112870.57,1029.14,9920253.0,241719.0,67220.0,1.24
2020-11-15,1004845.0,8717.0,143549.29,1245.29,10925098.0,250436.0,69518.0,1.22
2020-11-16,0.0,0.0,143549.29,1245.29,10925098.0,250436.0,73100.0,1.21
2020-11-17,0.0,0.0,143549.29,1245.29,10925098.0,250436.0,75499.0,1.19
2020-11-18,0.0,0.0,143549.29,1245.29,10925098.0,250436.0,77320.0,1.18
2020-11-19,0.0,0.0,143549.29,1245.29,10925098.0,250436.0,78344.0,1.17
2020-11-20,0.0,0.0,143549.29,1245.29,10925098.0,250436.0,79739.0,1.15
2020-11-21,0.0,0.0,143549.29,1245.29,10925098.0,250436.0,79864.0,1.13
2020-11-22,1175483.0,10820.0,167926.14,1545.71,12100581.0,261256.0,81798.0,1.12
2020-11-23,0.0,0.0,167926.14,1545.71,12100581.0,261256.0,84179.0,1.1
2020-11-24,0.0,0.0,167926.14,1545.71,12100581.0,261256.0,86042.0,1.08
2020-11-25,0.0,0.0,167926.14,1545.71,12100581.0,261256.0,87127.0,1.05
2020-11-26,0.0,0.0,167926.14,1545.71,12100581.0,261256.0,86555.0,1.04
2020-11-27,0.0,0.0,167926.14,1545.71,12100581.0,261256.0,88105.0,1.05
2020-11-28,0.0,0.0,167926.14,1545.71,12100581.0,261256.0,89606.0,1.06
2020-11-29,1162401.0,11950.0,166057.29,1707.14,13262982.0,273206.0,92453.0,1.07
2020-11-30,0.0,0.0,166057.29,1707.14,13262982.0,273206.0,95096.0,1.09
2020-12-01,0.0,0.0,166057.29,1707.14,13262982.0,273206.0,96674.0,1.11
2020-12-02,0.0,0.0,166057.29,1707.14,13262982.0,273206.0,97842.0,1.12
2020-12-03,0.0,0.0,166057.29,1707.14,13262982.0,273206.0,97853.0,1.13
2020-12-04,0.0,0.0,166057.29,1707.14,13262982.0,273206.0,98143.0,1.13
2020-12-05,0.0,0.0,166057.29,1707.14,13262982.0,273206.0,97247.0,1.13
2020-12-06,1280932.0,14801.0,182990.29,2114.43,14543914.0,288007.0,98654.0,1.12
2020-12-07,0.0,0.0,182990.29,2114.43,14543914.0,288007.0,101028.0,1.12
2020-12-08,0.0,0.0,182990.29,2114.43,14543914.0,288007.0,102304.0,1.11
2020-12-09,0.0,0.0,182990.29,2114.43,14543914.0,288007.0,104371.0,1.1
2020-12-10,0.0,0.0,182990.29,2114.43,14543914.0,288007.0,105048.0,1.09
2020-12-11,0.0,0.0,182990.29,2114.43,14543914.0,288007.0,105653.0,1.08
2020-12-12,0.0,0.0,182990.29,2114.43,14543914.0,288007.0,105358.0,1.07
2020-12-13,1468482.0,17714.0,209783.14,2530.57,16012396.0,305721.0,107402.0,1.07
2020-12-14,0.0,0.0,209783.14,2530.57,16012396.0,305721.0,109689.0,1.06
2020-12-15,0.0,0.0,209783.14,2530.57,16012396.0,305721.0,110996.0,1.05
2020-12-16,0.0,0.0,209783.14,2530.57,16012396.0,305721.0,111997.0,1.04
2020-12-17,0.0,0.0,209783.14,2530.57,16012396.0,305721.0,112445.0,1.03
2020-12-18,0.0,0.0,209783.14,2530.57,16012396.0,305721.0,112114.0,1.02
2020-12-19,0.0,0.0,209783.14,2530.57,16012396.0,305721.0,111037.0,1.0
2020-12-20,1517928.0,18866.0,216846.86,2695.14,17530324.0,324587.0,112401.0,0.99
2020-12-21,0.0,0.0,216846.86,2695.14,17530324.0,324587.0,114649.0,0.98
2020-12-22,0.0,0.0,216846.86,2695.14,17530324.0,324587.0,117528.0,0.96
2020-12-23,0.0,0.0,216846.86,2695.14,17530324.0,324587.0,118106.0,0.95
2020-12-24,0.0,0.0,216846.86,2695.14,17530324.0,324587.0,116274.0,0.93
2020-12-25,0.0,0.0,216846.86,2695.14,17530324.0,324587.0,113496.0,0.93
2020-12-26,0.0,0.0,216846.86,2695.14,17530324.0,324587.0,115521.0,0.95
2020-12-27,1360122.0,18333.0,194303.14,2619.0,18890446.0,342920.0,118988.0,0.97
2020-12-28,0.0,0.0,194303.14,2619.0,18890446.0,342920.0,121425.0,1.0
2020-12-29,0.0,0.0,194303.14,2619.0,18890446.0,342920.0,122665.0,1.03
2020-12-30,0.0,0.0,194303.14,2619.0,18890446.0,342920.0,123922.0,1.06
2020-12-31,0.0,0.0,194303.14,2619.0,18890446.0,342920.0,123347.0,1.08
2021-01-01,0.0,0.0,194303.14,2619.0,18890446.0,342920.0,121053.0,1.08
2021-01-02,0.0,0.0,194303.14,2619.0,18890446.0,342920.0,122668.0,1.09
2021-01-03,1380995.0,19650.0,197285.0,2807.14,20271441.0,362570.0,125595.0,1.09
2021-01-04,0.0,0.0,197285.0,2807.14,20271441.0,362570.0,127427.0,1.09
2021-01-05,0.0,0.0,197285.0,2807.14,20271441.0,362570.0,128859.0,1.09
2021-01-06,0.0,0.0,197285.0,2807.14,20271441.0,362570.0,129800.0,1.09
2021-01-07,0.0,0.0,197285.0,2807.14,20271441.0,362570.0,128814.0,1.09
2021-01-08,0.0,0.0,197285.0,2807.14,20271441.0,362570.0,127888.0,1.08
2021-01-09,0.0,0.0,197285.0,2807.14,20271441.0,362570.0,126420.0,1.06
2021-01-10,1667151.0,21497.0,238164.43,3071.0,21938592.0,384067.0,126533.0,1.03
2021-01-11,0.0,0.0,238164.43,3071.0,21938592.0,384067.0,127641.0,1.0
2021-01-12,0.0,0.0,238164.43,3071.0,21938592.0,384067.0,127090.0,0.98
2021-01-13,0.0,0.0,238164.43,3071.0,21938592.0,384067.0,126556.0,0.96
2021-01-14,0.0,0.0,238164.43,3071.0,21938592.0,384067.0,133263.0,0.94
2021-01-15,0.0,0.0,238164.43,3071.0,21938592.0,384067.0,123785.0,0.92
2021-01-16,0.0,0.0,238164.43,3071.0,21938592.0,384067.0,121134.0,0.9
2021-01-17,1589955.0,23312.0,227136.43,3330.29,23528547.0,407379.0,120830.0,0.89
2021-01-18,0.0,0.0,227136.43,3330.29,23528547.0,407379.0,120422.0,0.87
2021-01-19,0.0,0.0,227136.43,3330.29,23528547.0,407379.0,119384.0,0.86
2021-01-20,0.0,0.0,227136.43,3330.29,23528547.0,407379.0,117115.0,0.85
2021-01-21,0.0,0.0,227136.43,3330.29,23528547.0,407379.0,114097.0,0.85
2021-01-22,0.0,0.0,227136.43,3330.29,23528547.0,407379.0,111831.0,0.85
2021-01-23,0.0,0.0,227136.43,3330.29,23528547.0,407379.0,108122.0,0.85
2021-01-24,1265861.0,22495.0,180837.29,3213.57,24794408.0,429874.0,107004.0,0.85
2021-01-25,0.0,0.0,180837.29,3213.57,24794408.0,429874.0,106268.0,0.85
2021-01-26,0.0,0.0,180837.29,3213.57,24794408.0,429874.0,104627.0,0.85
2021-01-27,0.0,0.0,180837.29,3213.57,24794408.0,429874.0,102636.0,0.84
2021-01-28,0.0,0.0,180837.29,3213.57,24794408.0,429874.0,100050.0,0.84
2021-01-29,0.0,0.0,180837.29,3213.57,24794408.0,429874.0,96109.0,0.84
2021-01-30,0.0,0.0,180837.29,3213.57,24794408.0,429874.0,92546.0,0.84
2021-01-31,1068625.0,22249.0,152660.71,3178.43,25863033.0,452123.0,91436.0,0.83
2021-02-01,0.0,0.0,152660.71,3178.43,25863033.0,452123.0,90582.0,0.83
2021-02-02,0.0,0.0,152660.71,3178.43,25863033.0,452123.0,89004.0,0.81
2021-02-03,0.0,0.0,152660.71,3178.43,25863033.0,452123.0,87279.0,0.8
2021-02-04,0.0,0.0,152660.71,3178.43,25863033.0,452123.0,84602.0,0.79
2021-02-05,0.0,0.0,152660.71,3178.43,25863033.0,452123.0,82137.0,0.79
2021-02-06,0.0,0.0,152660.71,3178.43,25863033.0,452123.0,79111.0,0.79
2021-02-07,857250.0,20100.0,122464.29,2871.43,26720283.0,472223.0,77864.0,0.79
2021-02-08,0.0,0.0,122464.29,2871.43,26720283.0,472223.0,76870.0,0.78
2021-02-09,0.0,0.0,122464.29,2871.43,26720283.0,472223.0,75626.0,0.78
2021-02-10,0.0,0.0,122464.29,2871.43,26720283.0,472223.0,72845.0,0.77
2021-02-11,0.0,0.0,122464.29,2871.43,26720283.0,472223.0,70107.0,0.77
2021-02-12,0.0,0.0,122464.29,2871.43,26720283.0,472223.0,67536.0,0.76
2021-02-13,0.0,0.0,122464.29,2871.43,26720283.0,472223.0,64759.0,0.76
2021-02-14,670572.0,19838.0,95796.0,2834.0,27390855.0,492061.0,63297.0,0.75
2021-02-15,0.0,0.0,95796.0,2834.0,27390855.0,492061.0,62214.0,0.75
2021-02-16,0.0,0.0,95796.0,2834.0,27390855.0,492061.0,61504.0,0.74
2021-02-17,0.0,0.0,95796.0,2834.0,27390855.0,492061.0,62245.0,0.75
2021-02-18,0.0,0.0,95796.0,2834.0,27390855.0,492061.0,58308.0,0.76
2021-02-19,0.0,0.0,95796.0,2834.0,27390855.0,492061.0,56738.0,0.79
2021-02-20,0.0,0.0,95796.0,2834.0,27390855.0,492061.0,54401.0,0.81
2021-02-21,473485.0,14432.0,67640.71,2061.71,27864340.0,506493.0,53614.0,0.83
2021-02-22,0.0,0.0,67640.71,2061.71,27864340.0,506493.0,53026.0,0.85
2021-02-23,0.0,0.0,67640.71,2061.71,27864340.0,506493.0,51984.0,0.87
2021-02-24,0.0,0.0,67640.71,2061.71,27864340.0,506493.0,50956.0,0.88
2021-02-25,0.0,0.0,67640.71,2061.71,27864340.0,506493.0,49045.0,0.88
2021-02-26,0.0,0.0,67640.71,2061.71,27864340.0,506493.0,47227.0,0.88
2021-02-27,0.0,0.0,67640.71,2061.71,27864340.0,506493.0,45334.0,0.88
2021-02-28,465751.0,13360.0,66535.86,1908.57,28330091.0,519853.0,44872.0,0.88
2021-03-01,0.0,0.0,66535.86,1908.57,28330091.0,519853.0,43721.0,0.88
2021-03-02,0.0,0.0,66535.86,1908.57,28330091.0,519853.0,42650.0,0.88
2021-03-03,0.0,0.0,66535.86,1908.57,28330091.0,519853.0,42153.0,0.88
2021-03-04,0.0,0.0,66535.86,1908.57,28330091.0,519853.0,40175.0,0.88
2021-03-05,0.0,0.0,66535.86,1908.57,28330091.0,519853.0,39581.0,0.89
2021-03-06,0.0,0.0,66535.86,1908.57,28330091.0,519853.0,38206.0,0.89
2021-03-07,420739.0,10446.0,60105.57,1492.29,28750830.0,530299.0,37769.0,0.89
2021-03-08,0.0,0.0,60105.57,1492.29,28750830.0,530299.0,37687.0,0.89
2021-03-09,0.0,0.0,60105.57,1492.29,28750830.0,530299.0,37040.0,0.9
2021-03-10,0.0,0.0,60105.57,1492.29,28750830.0,530299.0,36661.0,0.9
2021-03-11,0.0,0.0,60105.57,1492.29,28750830.0,530299.0,35914.0,0.91
2021-03-12,0.0,0.0,60105.57,1492.29,28750830.0,530299.0,35647.0,0.92
2021-03-13,0.0,0.0,60105.57,1492.29,28750830.0,530299.0,34983.0,0.93
2021-03-14,384000.0,8559.0,54857.14,1222.71,29134830.0,538858.0,34412.0,0.95
2021-03-15,0.0,0.0,54857.14,1222.71,29134830.0,538858.0,34701.0,0.96
2021-03-16,0.0,0.0,54857.14,1222.71,29134830.0,538858.0,34577.0,0.96
2021-03-17,0.0,0.0,54857.14,1222.71,29134830.0,538858.0,34595.0,0.97
2021-03-18,0.0,0.0,54857.14,1222.71,29134830.0,538858.0,34104.0,0.98
2021-03-19,0.0,0.0,54857.14,1222.71,29134830.0,538858.0,34035.0,0.99
2021-03-20,0.0,0.0,54857.14,1222.71,29134830.0,538858.0,33214.0,1.0
2021-03-21,379551.0,6264.0,54221.57,894.86,29514381.0,545122.0,33283.0,1.01
2021-03-22,0.0,0.0,54221.57,894.86,29514381.0,545122.0,33742.0,1.03
2021-03-23,0.0,0.0,54221.57,894.86,29514381.0,545122.0,33996.0,1.06
2021-03-24,0.0,0.0,54221.57,894.86,29514381.0,545122.0,34367.0,1.09
2021-03-25,0.0,0.0,54221.57,894.86,29514381.0,545122.0,34362.0,1.09
2021-03-26,0.0,0.0,54221.57,894.86,29514381.0,545122.0,34634.0,1.08
2021-03-27,0.0,0.0,54221.57,894.86,29514381.0,545122.0,33946.0,1.08
2021-03-28,417818.0,6111.0,59688.29,873.0,29932199.0,551233.0,34464.0,1.08
2021-03-29,0.0,0.0,59688.29,873.0,29932199.0,551233.0,35027.0,1.07
2021-03-30,0.0,0.0,59688.29,873.0,29932199.0,551233.0,35418.0,1.06
2021-03-31,0.0,0.0,59688.29,873.0,29932199.0,551233.0,35567.0,1.05
2021-04-01,0.0,0.0,59688.29,873.0,29932199.0,551233.0,35571.0,1.05
2021-04-02,0.0,0.0,59688.29,873.0,29932199.0,551233.0,35607.0,1.04
2021-04-03,0.0,0.0,59688.29,873.0,29932199.0,551233.0,35195.0,1.04
2021-04-04,449960.0,5352.0,64280.0,764.57,30382159.0,556585.0,35675.0,1.04
2021-04-05,0.0,0.0,64280.0,764.57,30382159.0,556585.0,36624.0,1.05
2021-04-06,0.0,0.0,64280.0,764.57,30382159.0,556585.0,37551.0,1.05
2021-04-07,0.0,0.0,64280.0,764.57,30382159.0,556585.0,37748.0,1.05
2021-04-08,0.0,0.0,64280.0,764.57,30382159.0,556585.0,37953.0,1.06
2021-04-09,0.0,0.0,64280.0,764.57,30382159.0,556585.0,37856.0,1.05
2021-04-10,0.0,0.0,64280.0,764.57,30382159.0,556585.0,37546.0,1.05
2021-04-11,455950.0,4903.0,65135.71,700.43,30838109.0,561488.0,38089.0,1.04
2021-04-12,0.0,0.0,65135.71,700.43,30838109.0,561488.0,38927.0,1.03
2021-04-13,0.0,0.0,65135.71,700.43,30838109.0,561488.0,39201.0,1.02
2021-04-14,0.0,0.0,65135.71,700.43,30838109.0,561488.0,39469.0,1.01
2021-04-15,0.0,0.0,65135.71,700.43,30838109.0,561488.0,39188.0,0.99
2021-04-16,0.0,0.0,65135.71,700.43,30838109.0,561488.0,39406.0,0.97
2021-04-17,0.0,0.0,65135.71,700.43,30838109.0,561488.0,39012.0,0.95
2021-04-18,467217.0,4875.0,66745.29,696.43,31305326.0,566363.0,39460.0,0.95
2021-04-19,0.0,0.0,66745.29,696.43,31305326.0,566363.0,40212.0,0.93
2021-04-20,0.0,0.0,66745.29,696.43,31305326.0,566363.0,40206.0,0.92
2021-04-21,0.0,0.0,66745.29,696.43,31305326.0,566363.0,40046.0,0.91
2021-04-22,0.0,0.0,66745.29,696.43,31305326.0,566363.0,39201.0,0.9
2021-04-23,0.0,0.0,66745.29,696.43,31305326.0,566363.0,38562.0,0.89
2021-04-24,0.0,0.0,66745.29,696.43,31305326.0,566363.0,37357.0,0.88
2021-04-25,406095.0,4721.0,58013.57,674.43,31711421.0,571084.0,37133.0,0.88
2021-04-26,0.0,0.0,58013.57,674.43,31711421.0,571084.0,37540.0,0.87
2021-04-27,0.0,0.0,58013.57,674.43,31711421.0,571084.0,37207.0,0.87
2021-04-28,0.0,0.0,58013.57,674.43,31711421.0,571084.0,36881.0,0.87
2021-04-29,0.0,0.0,58013.57,674.43,31711421.0,571084.0,35989.0,0.87
2021-04-30,0.0,0.0,58013.57,674.43,31711421.0,571084.0,35364.0,0.87
2021-05-01,0.0,0.0,58013.57,674.43,31711421.0,571084.0,34005.0,0.87
2021-05-02,338407.0,4493.0,48343.86,641.86,32049828.0,575577.0,33764.0,0.87
2021-05-03,0.0,0.0,48343.86,641.86,32049828.0,575577.0,33964.0,0.86
2021-05-04,0.0,0.0,48343.86,641.86,32049828.0,575577.0,33755.0,0.84
2021-05-05,0.0,0.0,48343.86,641.86,32049828.0,575577.0,33339.0,0.83
2021-05-06,0.0,0.0,48343.86,641.86,32049828.0,575577.0,32505.0,0.82
2021-05-07,0.0,0.0,48343.86,641.86,32049828.0,575577.0,31832.0,0.82
2021-05-08,0.0,0.0,48343.86,641.86,32049828.0,575577.0,30635.0,0.82
2021-05-09,292324.0,4451.0,41760.57,635.86,32342152.0,580028.0,30154.0,0.82
2021-05-10,0.0,0.0,41760.57,635.86,32342152.0,580028.0,29987.0,0.81
2021-05-11,0.0,0.0,41760.57,635.86,32342152.0,580028.0,29482.0,0.81
2021-05-12,0.0,0.0,41760.57,635.86,32342152.0,580028.0,29113.0,0.81
2021-05-13,0.0,0.0,41760.57,635.86,32342152.0,580028.0,28174.0,0.81
2021-05-14,0.0,0.0,41760.57,635.86,32342152.0,580028.0,27422.0,0.81
2021-05-15,0.0,0.0,41760.57,635.86,32342152.0,580028.0,26184.0,0.81
2021-05-16,233350.0,3973.0,33335.71,567.57,32575502.0,584001.0,25646.0,0.8
2021-05-17,0.0,0.0,33335.71,567.57,32575502.0,584001.0,25563.0,0.79
2021-05-18,0.0,0.0,33335.71,567.57,32575502.0,584001.0,25023.0,0.78
2021-05-19,0.0,0.0,33335.71,567.57,32575502.0,584001.0,24925.0,0.78
2021-05-20,0.0,0.0,33335.71,567.57,32575502.0,584001.0,23954.0,0.77
2021-05-21,0.0,0.0,33335.71,567.57,32575502.0,584001.0,23397.0,0.77
2021-05-22,0.0,0.0,33335.71,567.57,32575502.0,584001.0,22643.0,0.77
2021-05-23,181609.0,3624.0,25944.14,517.71,32757111.0,587625.0,22445.0,0.78
2021-05-24,0.0,0.0,25944.14,517.71,32757111.0,587625.0,22431.0,0.78
2021-05-25,0.0,0.0,25944.14,517.71,32757111.0,587625.0,22087.0,0.77
2021-05-26,0.0,0.0,25944.14,517.71,32757111.0,587625.0,21598.0,0.76
2021-05-27,0.0,0.0,25944.14,517.71,32757111.0,587625.0,21056.0,0.74
2021-05-28,0.0,0.0,25944.14,517.71,32757111.0,587625.0,20398.0,0.72
2021-05-29,0.0,0.0,25944.14,517.71,32757111.0,587625.0,19474.0,0.72
2021-05-30,147811.0,3534.0,21115.86,504.86,32904922.0,591159.0,19062.0,0.72
2021-05-31,0.0,0.0,21115.86,504.86,32904922.0,591159.0,18678.0,0.72
2021-06-01,0.0,0.0,21115.86,504.86,32904922.0,591159.0,18657.0,0.75
2021-06-02,0.0,0.0,21115.86,504.86,32904922.0,591159.0,18083.0,0.76
2021-06-03,0.0,0.0,21115.86,504.86,32904922.0,591159.0,17634.0,0.76
2021-06-04,0.0,0.0,21115.86,504.86,32904922.0,591159.0,16970.0,0.78
2021-06-05,0.0,0.0,21115.86,504.86,32904922.0,591159.0,16298.0,0.81
2021-06-06,99112.0,2675.0,14158.86,382.14,33004034.0,593834.0,15987.0,0.82
2021-06-07,0.0,0.0,14158.86,382.14,33004034.0,593834.0,15742.0,0.84
2021-06-08,0.0,0.0,14158.86,382.14,33004034.0,593834.0,15630.0,0.84
2021-06-09,0.0,0.0,14158.86,382.14,33004034.0,593834.0,15262.0,0.86
2021-06-10,0.0,0.0,14158.86,382.14,33004034.0,593834.0,14838.0,0.85
2021-06-11,0.0,0.0,14158.86,382.14,33004034.0,593834.0,14421.0,0.86
2021-06-12,0.0,0.0,14158.86,382.14,33004034.0,593834.0,13940.0,0.85
2021-06-13,99565.0,2624.0,14223.57,374.86,33103599.0,596458.0,13957.0,0.85
2021-06-14,0.0,0.0,14223.57,374.86,33103599.0,596458.0,13929.0,0.85
2021-06-15,0.0,0.0,14223.57,374.86,33103599.0,596458.0,13722.0,0.84
2021-06-16,0.0,0.0,14223.57,374.86,33103599.0,596458.0,13494.0,0.85
2021-06-17,0.0,0.0,14223.57,374.86,33103599.0,596458.0,13094.0,0.86
2021-06-18,0.0,0.0,14223.57,374.86,33103599.0,596458.0,12855.0,0.88
2021-06-19,0.0,0.0,14223.57,374.86,33103599.0,596458.0,12482.0,0.91
2021-06-20,80627.0,1762.0,11518.14,251.71,33184226.0,598220.0,12502.0,0.93
2021-06-21,0.0,0.0,11518.14,251.71,33184226.0,598220.0,12592.0,0.95
2021-06-22,0.0,0.0,11518.14,251.71,33184226.0,598220.0,12538.0,0.96
2021-06-23,0.0,0.0,11518.14,251.71,33184226.0,598220.0,12608.0,0.98
2021-06-24,0.0,0.0,11518.14,251.71,33184226.0,598220.0,12396.0,1.01
2021-06-25,0.0,0.0,11518.14,251.71,33184226.0,598220.0,12408.0,1.02
2021-06-26,0.0,0.0,11518.14,251.71,33184226.0,598220.0,12238.0,1.04
2021-06-27,87637.0,2101.0,12519.57,300.14,33271863.0,600321.0,12233.0,1.04
2021-06-28,0.0,0.0,12519.57,300.14,33271863.0,600321.0,12510.0,1.05
2021-06-29,0.0,0.0,12519.57,300.14,33271863.0,600321.0,12662.0,1.05
2021-06-30,0.0,0.0,12519.57,300.14,33271863.0,600321.0,12877.0,1.09
2021-07-01,0.0,0.0,12519.57,300.14,33271863.0,600321.0,12863.0,1.11
2021-07-02,0.0,0.0,12519.57,300.14,33271863.0,600321.0,13234.0,1.13
2021-07-03,0.0,0.0,12519.57,300.14,33271863.0,600321.0,12916.0,1.15
2021-07-04,97037.0,1717.0,13862.43,245.29,33368900.0,602038.0,13121.0,1.18
2021-07-05,0.0,0.0,13862.43,245.29,33368900.0,602038.0,13433.0,1.23
2021-07-06,0.0,0.0,13862.43,245.29,33368900.0,602038.0,13974.0,1.32
2021-07-07,0.0,0.0,13862.43,245.29,33368900.0,602038.0,14664.0,1.37
2021-07-08,0.0,0.0,13862.43,245.29,33368900.0,602038.0,15074.0,1.4
2021-07-09,0.0,0.0,13862.43,245.29,33368900.0,602038.0,15409.0,1.43
2021-07-10,0.0,0.0,13862.43,245.29,33368900.0,602038.0,15710.0,1.43
2021-07-11,286510.0,1509.0,40930.0,215.57,33655410.0,603547.0,16396.0,1.45
2021-07-12,0.0,0.0,40930.0,215.57,33655410.0,603547.0,17330.0,1.47
2021-07-13,0.0,0.0,40930.0,215.57,33655410.0,603547.0,18204.0,1.47
2021-07-14,0.0,0.0,40930.0,215.57,33655410.0,603547.0,19085.0,1.49
2021-07-15,0.0,0.0,40930.0,215.57,33655410.0,603547.0,19915.0,1.51
2021-07-16,0.0,0.0,40930.0,215.57,33655410.0,603547.0,20874.0,1.52
2021-07-17,0.0,0.0,40930.0,215.57,33655410.0,603547.0,21595.0,1.51
2021-07-18,222579.0,1931.0,31797.0,275.86,33877989.0,605478.0,22564.0,1.51
2021-07-19,0.0,0.0,31797.0,275.86,33877989.0,605478.0,24261.0,1.51
2021-07-20,0.0,0.0,31797.0,275.86,33877989.0,605478.0,25700.0,1.51
2021-07-21,0.0,0.0,31797.0,275.86,33877989.0,605478.0,27055.0,1.52
2021-07-22,0.0,0.0,31797.0,275.86,33877989.0,605478.0,28605.0,1.53
2021-07-23,0.0,0.0,31797.0,275.86,33877989.0,605478.0,30295.0,1.53
2021-07-24,0.0,0.0,31797.0,275.86,33877989.0,605478.0,31469.0,1.52
2021-07-25,359027.0,2084.0,51289.57,297.71,34237016.0,607562.0,33406.0,1.5
2021-07-26,0.0,0.0,51289.57,297.71,34237016.0,607562.0,35748.0,1.49
2021-07-27,0.0,0.0,51289.57,297.71,34237016.0,607562.0,38296.0,1.48
2021-07-28,0.0,0.0,51289.57,297.71,34237016.0,607562.0,40473.0,1.47
2021-07-29,0.0,0.0,51289.57,297.71,34237016.0,607562.0,42200.0,1.48
2021-07-30,0.0,0.0,51289.57,297.71,34237016.0,607562.0,44541.0,1.49
2021-07-31,0.0,0.0,51289.57,297.71,34237016.0,607562.0,46428.0,1.47
2021-08-01,547086.0,2927.0,78155.14,418.14,34784102.0,610489.0,48538.0,1.44
2021-08-02,0.0,0.0,78155.14,418.14,34784102.0,610489.0,51780.0,1.41
2021-08-03,0.0,0.0,78155.14,418.14,34784102.0,610489.0,54470.0,1.4
2021-08-04,0.0,0.0,78155.14,418.14,34784102.0,610489.0,56945.0,1.39
2021-08-05,0.0,0.0,78155.14,418.14,34784102.0,610489.0,59587.0,1.39
2021-08-06,0.0,0.0,78155.14,418.14,34784102.0,610489.0,62122.0,1.38
2021-08-07,0.0,0.0,78155.14,418.14,34784102.0,610489.0,63544.0,1.35
2021-08-08,743056.0,4453.0,106150.86,636.14,35527158.0,614942.0,66369.0,1.32
2021-08-09,0.0,0.0,106150.86,636.14,35527158.0,614942.0,69838.0,1.3
2021-08-10,0.0,0.0,106150.86,636.14,35527158.0,614942.0,72521.0,1.28
2021-08-11,0.0,0.0,106150.86,636.14,35527158.0,614942.0,74823.0,1.26
2021-08-12,0.0,0.0,106150.86,636.14,35527158.0,614942.0,76968.0,1.24
2021-08-13,0.0,0.0,106150.86,636.14,35527158.0,614942.0,78580.0,1.21
2021-08-14,0.0,0.0,106150.86,636.14,35527158.0,614942.0,79622.0,1.21
2021-08-15,886464.0,5637.0,126637.71,805.29,36413622.0,620579.0,81624.0,1.21
2021-08-16,0.0,0.0,126637.71,805.29,36413622.0,620579.0,84313.0,1.2
2021-08-17,0.0,0.0,126637.71,805.29,36413622.0,620579.0,86744.0,1.19
2021-08-18,0.0,0.0,126637.71,805.29,36413622.0,620579.0,88626.0,1.17
2021-08-19,0.0,0.0,126637.71,805.29,36413622.0,620579.0,89428.0,1.14
2021-08-20,0.0,0.0,126637.71,805.29,36413622.0,620579.0,90191.0,1.13
2021-08-21,0.0,0.0,126637.71,805.29,36413622.0,620579.0,90417.0,1.13
2021-08-22,1019966.0,8055.0,145709.43,1150.71,37433588.0,628634.0,92239.0,1.13
2021-08-23,0.0,0.0,145709.43,1150.71,37433588.0,628634.0,94682.0,1.12
2021-08-24,0.0,0.0,145709.43,1150.71,37433588.0,628634.0,95992.0,1.11
2021-08-25,0.0,0.0,145709.43,1150.71,37433588.0,628634.0,95976.0,1.1
2021-08-26,0.0,0.0,145709.43,1150.71,37433588.0,628634.0,96370.0,1.09
2021-08-27,0.0,0.0,145709.43,1150.71,37433588.0,628634.0,96192.0,1.08
2021-08-28,0.0,0.0,145709.43,1150.71,37433588.0,628634.0,95071.0,1.08
2021-08-29,1094890.0,10183.0,156412.86,1454.71,38528478.0,638817.0,96125.0,1.08
2021-08-30,0.0,0.0,156412.86,1454.71,38528478.0,638817.0,97200.0,1.09
2021-08-31,0.0,0.0,156412.86,1454.71,38528478.0,638817.0,97821.0,1.07
2021-09-01,0.0,0.0,156412.86,1454.71,38528478.0,638817.0,97992.0,1.05
2021-09-02,0.0,0.0,156412.86,1454.71,38528478.0,638817.0,97811.0,1.03
2021-09-03,0.0,0.0,156412.86,1454.71,38528478.0,638817.0,96835.0,1.01
2021-09-04,0.0,0.0,156412.86,1454.71,38528478.0,638817.0,95082.0,0.99
2021-09-05,1144251.0,11709.0,163464.43,1672.71,39672729.0,650526.0,95280.0,0.98
2021-09-06,0.0,0.0,163464.43,1672.71,39672729.0,650526.0,95910.0,0.97
2021-09-07,0.0,0.0,163464.43,1672.71,39672729.0,650526.0,96810.0,1.0
2021-09-08,0.0,0.0,163464.43,1672.71,39672729.0,650526.0,96485.0,1.01
2021-09-09,0.0,0.0,163464.43,1672.71,39672729.0,650526.0,95684.0,1.01
2021-09-10,0.0,0.0,163464.43,1672.71,39672729.0,650526.0,94559.0,1.01
2021-09-11,0.0,0.0,163464.43,1672.71,39672729.0,650526.0,91979.0,1.0
2021-09-12,1022570.0,12085.0,146081.43,1726.43,40695299.0,662611.0,91541.0,1.0
2021-09-13,0.0,0.0,146081.43,1726.43,40695299.0,662611.0,92158.0,1.0
2021-09-14,0.0,0.0,146081.43,1726.43,40695299.0,662611.0,90633.0,0.98
2021-09-15,0.0,0.0,146081.43,1726.43,40695299.0,662611.0,89538.0,0.97
2021-09-16,0.0,0.0,146081.43,1726.43,40695299.0,662611.0,88250.0,0.95
2021-09-17,0.0,0.0,146081.43,1726.43,40695299.0,662611.0,86780.0,0.94
2021-09-18,0.0,0.0,146081.43,1726.43,40695299.0,662611.0,84475.0,0.93
2021-09-19,1037454.0,13590.0,148207.71,1941.43,41732753.0,676201.0,83494.0,0.91
2021-09-20,0.0,0.0,148207.71,1941.43,41732753.0,676201.0,83675.0,0.9
2021-09-21,0.0,0.0,148207.71,1941.43,41732753.0,676201.0,82358.0,0.89
2021-09-22,0.0,0.0,148207.71,1941.43,41732753.0,676201.0,80843.0,0.88
2021-09-23,0.0,0.0,148207.71,1941.43,41732753.0,676201.0,79242.0,0.89
2021-09-24,0.0,0.0,148207.71,1941.43,41732753.0,676201.0,77387.0,0.89
2021-09-25,0.0,0.0,148207.71,1941.43,41732753.0,676201.0,74807.0,0.9
2021-09-26,852294.0,13384.0,121756.29,1912.0,42585047.0,689585.0,74161.0,0.9
2021-09-27,0.0,0.0,121756.29,1912.0,42585047.0,689585.0,73886.0,0.9
2021-09-28,0.0,0.0,121756.29,1912.0,42585047.0,689585.0,72525.0,0.89
2021-09-29,0.0,0.0,121756.29,1912.0,42585047.0,689585.0,70704.0,0.88
2021-09-30,0.0,0.0,121756.29,1912.0,42585047.0,689585.0,68918.0,0.88
2021-10-01,0.0,0.0,121756.29,1912.0,42585047.0,689585.0,67124.0,0.89
2021-10-02,0.0,0.0,121756.29,1912.0,42585047.0,689585.0,64834.0,0.89
2021-10-03,755688.0,12992.0,107955.43,1856.0,43340735.0,702577.0,64381.0,0.89
2021-10-04,0.0,0.0,107955.43,1856.0,43340735.0,702577.0,64487.0,0.89
2021-10-05,0.0,0.0,107955.43,1856.0,43340735.0,702577.0,63508.0,0.88
2021-10-06,0.0,0.0,107955.43,1856.0,43340735.0,702577.0,62376.0,0.88
2021-10-07,0.0,0.0,107955.43,1856.0,43340735.0,702577.0,61095.0,0.88
2021-10-08,0.0,0.0,107955.43,1856.0,43340735.0,702577.0,59461.0,0.88
2021-10-09,0.0,0.0,107955.43,1856.0,43340735.0,702577.0,57940.0,0.88
2021-10-10,681984.0,11684.0,97426.29,1669.14,44022719.0,714261.0,57496.0,0.88
2021-10-11,0.0,0.0,97426.29,1669.14,44022719.0,714261.0,57618.0,0.88
2021-10-12,0.0,0.0,97426.29,1669.14,44022719.0,714261.0,56985.0,0.89
2021-10-13,0.0,0.0,97426.29,1669.14,44022719.0,714261.0,55885.0,0.89
2021-10-14,0.0,0.0,97426.29,1669.14,44022719.0,714261.0,54564.0,0.89
2021-10-15,0.0,0.0,97426.29,1669.14,44022719.0,714261.0,53358.0,0.88
2021-10-16,0.0,0.0,97426.29,1669.14,44022719.0,714261.0,51837.0,0.88
2021-10-17,582237.0,10462.0,83176.71,1494.57,44604956.0,724723.0,51504.0,0.88
2021-10-18,0.0,0.0,83176.71,1494.57,44604956.0,724723.0,51723.0,0.88
2021-10-19,0.0,0.0,83176.71,1494.57,44604956.0,724723.0,50595.0,0.89
2021-10-20,0.0,0.0,83176.71,1494.57,44604956.0,724723.0,49311.0,0.89
2021-10-21,0.0,0.0,83176.71,1494.57,44604956.0,724723.0,48405.0,0.9
2021-10-22,0.0,0.0,83176.71,1494.57,44604956.0,724723.0,47454.0,0.9
2021-10-23,0.0,0.0,83176.71,1494.57,44604956.0,724723.0,46398.0,0.91
2021-10-24,508543.0,11091.0,72649.0,1584.43,45113499.0,735814.0,46114.0,0.92
2021-10-25,0.0,0.0,72649.0,1584.43,45113499.0,735814.0,46380.0,0.94
2021-10-26,0.0,0.0,72649.0,1584.43,45113499.0,735814.0,45821.0,0.95
2021-10-27,0.0,0.0,72649.0,1584.43,45113499.0,735814.0,45003.0,0.97
2021-10-28,0.0,0.0,72649.0,1584.43,45113499.0,735814.0,44195.0,0.97
2021-10-29,0.0,0.0,72649.0,1584.43,45113499.0,735814.0,43513.0,0.98
2021-10-30,0.0,0.0,72649.0,1584.43,45113499.0,735814.0,42766.0,0.98
2021-10-31,526186.0,8915.0,75169.43,1273.57,45639685.0,744729.0,42513.0,0.99
2021-11-01,0.0,0.0,75169.43,1273.57,45639685.0,744729.0,42623.0,0.99
2021-11-02,0.0,0.0,75169.43,1273.57,45639685.0,744729.0,42291.0,1.0
2021-11-03,0.0,0.0,75169.43,1273.57,45639685.0,744729.0,41982.0,1.0
2021-11-04,0.0,0.0,75169.43,1273.57,45639685.0,744729.0,41357.0,1.02
2021-11-05,0.0,0.0,75169.43,1273.57,45639685.0,744729.0,40945.0,1.02
2021-11-06,0.0,0.0,75169.43,1273.57,45639685.0,744729.0,40176.0,1.03
2021-11-07,510211.0,7407.0,72887.29,1058.14,46149896.0,752136.0,40472.0,1.04
2021-11-08,0.0,0.0,72887.29,1058.14,46149896.0,752136.0,41349.0,1.04
2021-11-09,0.0,0.0,72887.29,1058.14,46149896.0,752136.0,41731.0,1.05
2021-11-10,0.0,0.0,72887.29,1058.14,46149896.0,752136.0,41806.0,1.07
2021-11-11,0.0,0.0,72887.29,1058.14,46149896.0,752136.0,41718.0,1.08
2021-11-12,0.0,0.0,72887.29,1058.14,46149896.0,752136.0,41633.0,1.12
2021-11-13,0.0,0.0,72887.29,1058.14,46149896.0,752136.0,41372.0,1.12
2021-11-14,557180.0,7529.0,79597.14,1075.57,46707076.0,759665.0,41872.0,1.11
2021-11-15,0.0,0.0,79597.14,1075.57,46707076.0,759665.0,43286.0,1.11
2021-11-16,0.0,0.0,79597.14,1075.57,46707076.0,759665.0,44010.0,1.11
2021-11-17,0.0,0.0,79597.14,1075.57,46707076.0,759665.0,44366.0,1.11
2021-11-18,0.0,0.0,79597.14,1075.57,46707076.0,759665.0,45095.0,1.12
2021-11-19,0.0,0.0,79597.14,1075.57,46707076.0,759665.0,45157.0,1.1
2021-11-20,0.0,0.0,79597.14,1075.57,46707076.0,759665.0,44825.0,1.07
2021-11-21,676876.0,10276.0,96696.57,1468.0,47383952.0,769941.0,45373.0,1.05
2021-11-22,0.0,0.0,96696.57,1468.0,47383952.0,769941.0,46834.0,1.02
2021-11-23,0.0,0.0,96696.57,1468.0,47383952.0,769941.0,47703.0,1.0
2021-11-24,0.0,0.0,96696.57,1468.0,47383952.0,769941.0,47901.0,0.97
2021-11-25,0.0,0.0,96696.57,1468.0,47383952.0,769941.0,47297.0,0.95
2021-11-26,0.0,0.0,96696.57,1468.0,47383952.0,769941.0,48189.0,0.98
2021-11-27,0.0,0.0,96696.57,1468.0,47383952.0,769941.0,49069.0,1.06
2021-11-28,592394.0,5690.0,84627.71,812.86,47976346.0,775631.0,50165.0,1.14
2021-11-29,0.0,0.0,84627.71,812.86,47976346.0,775631.0,51813.0,1.22
2021-11-30,0.0,0.0,84627.71,812.86,47976346.0,775631.0,52644.0,1.24
2021-12-01,0.0,0.0,84627.71,812.86,47976346.0,775631.0,53311.0,1.25
2021-12-02,0.0,0.0,84627.71,812.86,47976346.0,775631.0,53587.0,1.25
2021-12-03,0.0,0.0,84627.71,812.86,47976346.0,775631.0,54392.0,1.23
2021-12-04,0.0,0.0,84627.71,812.86,47976346.0,775631.0,54572.0,1.2
2021-12-05,751017.0,8304.0,107288.14,1186.29,48727363.0,783935.0,55670.0,1.17
2021-12-06,0.0,0.0,107288.14,1186.29,48727363.0,783935.0,57447.0,1.14
2021-12-07,0.0,0.0,107288.14,1186.29,48727363.0,783935.0,58938.0,1.13
2021-12-08,0.0,0.0,107288.14,1186.29,48727363.0,783935.0,59721.0,1.12
2021-12-09,0.0,0.0,107288.14,1186.29,48727363.0,783935.0,60371.0,1.12
2021-12-10,0.0,0.0,107288.14,1186.29,48727363.0,783935.0,61162.0,1.12
2021-12-11,0.0,0.0,107288.14,1186.29,48727363.0,783935.0,60921.0,1.12
2021-12-12,834969.0,8586.0,119281.29,1226.57,49562332.0,792521.0,61722.0,1.11
2021-12-13,0.0,0.0,119281.29,1226.57,49562332.0,792521.0,63084.0,1.11
2021-12-14,0.0,0.0,119281.29,1226.57,49562332.0,792521.0,63244.0,1.12
2021-12-15,0.0,0.0,119281.29,1226.57,49562332.0,792521.0,63226.0,1.15
2021-12-16,0.0,0.0,119281.29,1226.57,49562332.0,792521.0,63105.0,1.19
2021-12-17,0.0,0.0,119281.29,1226.57,49562332.0,792521.0,63090.0,1.24
2021-12-18,0.0,0.0,119281.29,1226.57,49562332.0,792521.0,62004.0,1.27
2021-12-19,899109.0,9065.0,128444.14,1295.0,50461441.0,801586.0,62545.0,1.3
2021-12-20,0.0,0.0,128444.14,1295.0,50461441.0,801586.0,63764.0,1.32
2021-12-21,0.0,0.0,128444.14,1295.0,50461441.0,801586.0,64086.0,1.37
2021-12-22,0.0,0.0,128444.14,1295.0,50461441.0,801586.0,65043.0,1.41
2021-12-23,0.0,0.0,128444.14,1295.0,50461441.0,801586.0,65661.0,1.45
2021-12-24,0.0,0.0,128444.14,1295.0,50461441.0,801586.0,65821.0,1.47
2021-12-25,0.0,0.0,128444.14,1295.0,50461441.0,801586.0,66446.0,1.51
2021-12-26,1417419.0,11001.0,202488.43,1571.57,51878860.0,812587.0,69732.0,1.58
2021-12-27,0.0,0.0,202488.43,1571.57,51878860.0,812587.0,74692.0,1.63
2021-12-28,0.0,0.0,202488.43,1571.57,51878860.0,812587.0,79671.0,1.66
2021-12-29,0.0,0.0,202488.43,1571.57,51878860.0,812587.0,85506.0,1.68
2021-12-30,0.0,0.0,202488.43,1571.57,51878860.0,812587.0,89961.0,1.67
2021-12-31,0.0,0.0,202488.43,1571.57,51878860.0,812587.0,93776.0,1.64
2022-01-01,0.0,0.0,202488.43,1571.57,51878860.0,812587.0,96539.0,1.62
2022-01-02,2712038.0,9146.0,387434.0,1306.57,54590898.0,821733.0,102671.0,1.62
2022-01-03,0.0,0.0,387434.0,1306.57,54590898.0,821733.0,108761.0,1.64
2022-01-04,0.0,0.0,387434.0,1306.57,54590898.0,821733.0,114846.0,1.61
2022-01-05,0.0,0.0,387434.0,1306.57,54590898.0,821733.0,121444.0,1.54
2022-01-06,0.0,0.0,387434.0,1306.57,54590898.0,821733.0,126976.0,1.5
2022-01-07,0.0,0.0,387434.0,1306.57,54590898.0,821733.0,131874.0,1.46
2022-01-08,0.0,0.0,387434.0,1306.57,54590898.0,821733.0,133576.0,1.41
2022-01-09,4682897.0,11716.0,668985.29,1673.71,59273795.0,833449.0,137251.0,1.37
2022-01-10,0.0,0.0,668985.29,1673.71,59273795.0,833449.0,142248.0,1.33
2022-01-11,0.0,0.0,668985.29,1673.71,59273795.0,833449.0,145834.0,1.26
2022-01-12,0.0,0.0,668985.29,1673.71,59273795.0,833449.0,149670.0,1.21
2022-01-13,0.0,0.0,668985.29,1673.71,59273795.0,833449.0,151006.0,1.17
2022-01-14,0.0,0.0,668985.29,1673.71,59273795.0,833449.0,152033.0,1.13
2022-01-15,0.0,0.0,668985.29,1673.71,59273795.0,833449.0,149478.0,1.1
2022-01-16,5650933.0,14380.0,807276.14,2054.29,64924728.0,847829.0,149973.0,1.07
2022-01-17,0.0,0.0,807276.14,2054.29,64924728.0,847829.0,150873.0,1.03
2022-01-18,0.0,0.0,807276.14,2054.29,64924728.0,847829.0,153220.0,1.04
2022-01-19,0.0,0.0,807276.14,2054.29,64924728.0,847829.0,154497.0,1.02
2022-01-20,0.0,0.0,807276.14,2054.29,64924728.0,847829.0,152923.0,0.98
2022-01-21,0.0,0.0,807276.14,2054.29,64924728.0,847829.0,150229.0,0.95
2022-01-22,0.0,0.0,807276.14,2054.29,64924728.0,847829.0,145668.0,0.92
2022-01-23,5042888.0,16308.0,720412.57,2329.71,69967616.0,864137.0,144757.0,0.89
2022-01-24,0.0,0.0,720412.57,2329.71,69967616.0,864137.0,144760.0,0.86
2022-01-25,0.0,0.0,720412.57,2329.71,69967616.0,864137.0,143297.0,0.82
2022-01-26,0.0,0.0,720412.57,2329.71,69967616.0,864137.0,141674.0,0.8
2022-01-27,0.0,0.0,720412.57,2329.71,69967616.0,864137.0,137503.0,0.77
2022-01-28,0.0,0.0,720412.57,2329.71,69967616.0,864137.0,133318.0,0.75
2022-01-29,0.0,0.0,720412.57,2329.71,69967616.0,864137.0,127041.0,0.73
2022-01-30,3789262.0,18403.0,541323.14,2629.0,73756878.0,882540.0,125816.0,0.7
2022-01-31,0.0,0.0,541323.14,2629.0,73756878.0,882540.0,124054.0,0.66
2022-02-01,0.0,0.0,541323.14,2629.0,73756878.0,882540.0,120533.0,0.64
2022-02-02,0.0,0.0,541323.14,2629.0,73756878.0,882540.0,117164.0,0.62
2022-02-03,0.0,0.0,541323.14,2629.0,73756878.0,882540.0,112652.0,0.61
2022-02-04,0.0,0.0,541323.14,2629.0,73756878.0,882540.0,107664.0,0.61
2022-02-05,0.0,0.0,541323.14,2629.0,73756878.0,882540.0,101670.0,0.6
2022-02-06,2188710.0,18654.0,312672.86,2664.86,75945588.0,901194.0,99064.0,0.59
2022-02-07,0.0,0.0,312672.86,2664.86,75945588.0,901194.0,97280.0,0.58
2022-02-08,0.0,0.0,312672.86,2664.86,75945588.0,901194.0,93609.0,0.57
2022-02-09,0.0,0.0,312672.86,2664.86,75945588.0,901194.0,90113.0,0.55
2022-02-10,0.0,0.0,312672.86,2664.86,75945588.0,901194.0,86034.0,0.55
2022-02-11,0.0,0.0,312672.86,2664.86,75945588.0,901194.0,81494.0,0.55
2022-02-12,0.0,0.0,312672.86,2664.86,75945588.0,901194.0,76807.0,0.55
2022-02-13,1222112.0,17550.0,174587.43,2507.14,77167700.0,918744.0,74334.0,0.54
2022-02-14,0.0,0.0,174587.43,2507.14,77167700.0,918744.0,72085.0,0.53
2022-02-15,0.0,0.0,174587.43,2507.14,77167700.0,918744.0,68705.0,0.52
2022-02-16,0.0,0.0,174587.43,2507.14,77167700.0,918744.0,65247.0,0.52
2022-02-17,0.0,0.0,174587.43,2507.14,77167700.0,918744.0,61859.0,0.53
2022-02-18,0.0,0.0,174587.43,2507.14,77167700.0,918744.0,58681.0,0.54
2022-02-19,0.0,0.0,174587.43,2507.14,77167700.0,918744.0,54814.0,0.54
2022-02-20,708156.0,15372.0,101165.14,2196.0,77875856.0,934116.0,52974.0,0.54
2022-02-21,0.0,0.0,101165.14,2196.0,77875856.0,934116.0,51305.0,0.54
2022-02-22,0.0,0.0,101165.14,2196.0,77875856.0,934116.0,49428.0,0.56
2022-02-23,0.0,0.0,101165.14,2196.0,77875856.0,934116.0,47038.0,0.57
2022-02-24,0.0,0.0,101165.14,2196.0,77875856.0,934116.0,44380.0,0.57
2022-02-25,0.0,0.0,101165.14,2196.0,77875856.0,934116.0,42035.0,0.59
2022-02-26,0.0,0.0,101165.14,2196.0,77875856.0,934116.0,39278.0,0.62
2022-02-27,458272.0,13046.0,65467.43,1863.71,78334128.0,947162.0,37964.0,0.62
2022-02-28,0.0,0.0,65467.43,1863.71,78334128.0,947162.0,36982.0,0.62
2022-03-01,0.0,0.0,65467.43,1863.71,78334128.0,947162.0,35342.0,0.61
2022-03-02,0.0,0.0,65467.43,1863.71,78334128.0,947162.0,33770.0,0.59
2022-03-03,0.0,0.0,65467.43,1863.71,78334128.0,947162.0,31996.0,0.59
2022-03-04,0.0,0.0,65467.43,1863.71,78334128.0,947162.0,29869.0,0.6
2022-03-05,0.0,0.0,65467.43,1863.71,78334128.0,947162.0,27801.0,0.62
2022-03-06,332509.0,9678.0,47501.29,1382.57,78666637.0,956840.0,27011.0,0.64
2022-03-07,0.0,0.0,47501.29,1382.57,78666637.0,956840.0,26401.0,0.65
2022-03-08,0.0,0.0,47501.29,1382.57,78666637.0,956840.0,25188.0,0.65
2022-03-09,0.0,0.0,47501.29,1382.57,78666637.0,956840.0,24175.0,0.66
2022-03-10,0.0,0.0,47501.29,1382.57,78666637.0,956840.0,22841.0,0.68
2022-03-11,0.0,0.0,47501.29,1382.57,78666637.0,956840.0,21501.0,0.71
2022-03-12,0.0,0.0,47501.29,1382.57,78666637.0,956840.0,20232.0,0.72
2022-03-13,234332.0,8606.0,33476.0,1229.43,78900969.0,965446.0,19546.0,0.74
2022-03-14,0.0,0.0,33476.0,1229.43,78900969.0,965446.0,19020.0,0.75
2022-03-15,0.0,0.0,33476.0,1229.43,78900969.0,965446.0,18519.0,0.79
2022-03-16,0.0,0.0,33476.0,1229.43,78900969.0,965446.0,17945.0,0.82
2022-03-17,0.0,0.0,33476.0,1229.43,78900969.0,965446.0,17394.0,0.84
2022-03-18,0.0,0.0,33476.0,1229.43,78900969.0,965446.0,16540.0,0.83
2022-03-19,0.0,0.0,33476.0,1229.43,78900969.0,965446.0,15659.0,0.85
2022-03-20,208740.0,3245.0,29820.0,463.57,79109709.0,968691.0,15341.0,0.86
2022-03-21,0.0,0.0,29820.0,463.57,79109709.0,968691.0,15071.0,0.87
2022-03-22,0.0,0.0,29820.0,463.57,79109709.0,968691.0,14553.0,0.88
2022-03-23,0.0,0.0,29820.0,463.57,79109709.0,968691.0,14170.0,0.9
2022-03-24,0.0,0.0,29820.0,463.57,79109709.0,968691.0,13623.0,0.92
2022-03-25,0.0,0.0,29820.0,463.57,79109709.0,968691.0,13100.0,0.93
2022-03-26,0.0,0.0,29820.0,463.57,79109709.0,968691.0,12574.0,0.94
2022-03-27,193469.0,4991.0,27638.43,713.0,79303178.0,973682.0,12203.0,0.94
2022-03-28,0.0,0.0,27638.43,713.0,79303178.0,973682.0,12094.0,0.94
2022-03-29,0.0,0.0,27638.43,713.0,79303178.0,973682.0,11810.0,0.94
2022-03-30,0.0,0.0,27638.43,713.0,79303178.0,973682.0,11545.0,0.95
2022-03-31,0.0,0.0,27638.43,713.0,79303178.0,973682.0,11294.0,0.96
2022-04-01,0.0,0.0,27638.43,713.0,79303178.0,973682.0,10900.0,0.96
2022-04-02,0.0,0.0,27638.43,713.0,79303178.0,973682.0,10526.0,0.99
2022-04-03,194464.0,4172.0,27780.57,596.0,79497642.0,977854.0,10380.0,1.01
2022-04-04,0.0,0.0,27780.57,596.0,79497642.0,977854.0,10515.0,1.04
2022-04-05,0.0,0.0,27780.57,596.0,79497642.0,977854.0,10479.0,1.08
2022-04-06,0.0,0.0,27780.57,596.0,79497642.0,977854.0,10418.0,1.12
2022-04-07,0.0,0.0,27780.57,596.0,79497642.0,977854.0,10402.0,1.17
2022-04-08,0.0,0.0,27780.57,596.0,79497642.0,977854.0,10218.0,1.2
2022-04-09,0.0,0.0,27780.57,596.0,79497642.0,977854.0,9875.0,1.16
2022-04-10,201192.0,3467.0,28741.71,495.29,79698834.0,981321.0,9866.0,1.13
2022-04-11,0.0,0.0,28741.71,495.29,79698834.0,981321.0,10090.0,1.1
2022-04-12,0.0,0.0,28741.71,495.29,79698834.0,981321.0,10112.0,1.1
2022-04-13,0.0,0.0,28741.71,495.29,79698834.0,981321.0,10163.0,1.1
2022-04-14,0.0,0.0,28741.71,495.29,79698834.0,981321.0,10199.0,1.08
2022-04-15,0.0,0.0,28741.71,495.29,79698834.0,981321.0,10298.0,1.08
2022-04-16,0.0,0.0,28741.71,495.29,79698834.0,981321.0,9958.0,1.12
2022-04-17,247939.0,3123.0,35419.86,446.14,79946773.0,984444.0,10152.0,1.16
2022-04-18,0.0,0.0,35419.86,446.14,79946773.0,984444.0,10413.0,1.21
2022-04-19,0.0,0.0,35419.86,446.14,79946773.0,984444.0,10676.0,1.24
2022-04-20,0.0,0.0,35419.86,446.14,79946773.0,984444.0,10919.0,1.26
2022-04-21,0.0,0.0,35419.86,446.14,79946773.0,984444.0,11101.0,1.28
2022-04-22,0.0,0.0,35419.86,446.14,79946773.0,984444.0,11205.0,1.29
2022-04-23,0.0,0.0,35419.86,446.14,79946773.0,984444.0,11236.0,1.27
2022-04-24,300721.0,2443.0,42960.14,349.0,80247494.0,986887.0,11460.0,1.24
2022-04-25,0.0,0.0,42960.14,349.0,80247494.0,986887.0,11920.0,1.22
2022-04-26,0.0,0.0,42960.14,349.0,80247494.0,986887.0,12352.0,1.22
2022-04-27,0.0,0.0,42960.14,349.0,80247494.0,986887.0,12756.0,1.21
2022-04-28,0.0,0.0,42960.14,349.0,80247494.0,986887.0,12926.0,1.21
2022-04-29,0.0,0.0,42960.14,349.0,80247494.0,986887.0,13009.0,1.2
2022-04-30,0.0,0.0,42960.14,349.0,80247494.0,986887.0,12851.0,1.22
2022-05-01,378549.0,2242.0,54078.43,320.29,80626043.0,989129.0,13150.0,1.24
2022-05-02,0.0,0.0,54078.43,320.29,80626043.0,989129.0,13807.0,1.25
2022-05-03,0.0,0.0,54078.43,320.29,80626043.0,989129.0,14229.0,1.26
2022-05-04,0.0,0.0,54078.43,320.29,80626043.0,989129.0,14555.0,1.27
2022-05-05,0.0,0.0,54078.43,320.29,80626043.0,989129.0,14869.0,1.29
2022-05-06,0.0,0.0,54078.43,320.29,80626043.0,989129.0,14941.0,1.31
2022-05-07,0.0,0.0,54078.43,320.29,80626043.0,989129.0,15051.0,1.29
2022-05-08,465658.0,2641.0,66522.57,377.29,81091701.0,991770.0,15307.0,1.28
2022-05-09,0.0,0.0,66522.57,377.29,81091701.0,991770.0,15618.0,1.27
2022-05-10,0.0,0.0,66522.57,377.29,81091701.0,991770.0,16288.0,1.26
2022-05-11,0.0,0.0,66522.57,377.29,81091701.0,991770.0,16772.0,1.25
2022-05-12,0.0,0.0,66522.57,377.29,81091701.0,991770.0,17349.0,1.22
2022-05-13,0.0,0.0,66522.57,377.29,81091701.0,991770.0,17840.0,1.21
2022-05-14,0.0,0.0,66522.57,377.29,81091701.0,991770.0,17906.0,1.23
2022-05-15,604955.0,1966.0,86422.14,280.86,81696656.0,993736.0,18359.0,1.27
2022-05-16,0.0,0.0,86422.14,280.86,81696656.0,993736.0,19377.0,1.29
2022-05-17,0.0,0.0,86422.14,280.86,81696656.0,993736.0,20075.0,1.27
2022-05-18,0.0,0.0,86422.14,280.86,81696656.0,993736.0,20473.0,1.25
2022-05-19,0.0,0.0,86422.14,280.86,81696656.0,993736.0,20650.0,1.22
2022-05-20,0.0,0.0,86422.14,280.86,81696656.0,993736.0,20903.0,1.19
2022-05-21,0.0,0.0,86422.14,280.86,81696656.0,993736.0,20623.0,1.16
2022-05-22,734495.0,2081.0,104927.86,297.29,82431151.0,995817.0,21051.0,1.13
2022-05-23,0.0,0.0,104927.86,297.29,82431151.0,995817.0,21887.0,1.1
2022-05-24,0.0,0.0,104927.86,297.29,82431151.0,995817.0,22040.0,1.08
2022-05-25,0.0,0.0,104927.86,297.29,82431151.0,995817.0,22188.0,1.07
2022-05-26,0.0,0.0,104927.86,297.29,82431151.0,995817.0,22392.0,1.05
2022-05-27,0.0,0.0,104927.86,297.29,82431151.0,995817.0,22493.0,1.03
2022-05-28,0.0,0.0,104927.86,297.29,82431151.0,995817.0,22059.0,1.03
2022-05-29,740720.0,2629.0,105817.14,375.57,83171871.0,998446.0,22352.0,1.03
2022-05-30,0.0,0.0,105817.14,375.57,83171871.0,998446.0,22820.0,1.05
2022-05-31,0.0,0.0,105817.14,375.57,83171871.0,998446.0,23974.0,1.13
2022-06-01,0.0,0.0,105817.14,375.57,83171871.0,998446.0,24718.0,1.13
2022-06-02,0.0,0.0,105817.14,375.57,83171871.0,998446.0,24902.0,1.12
2022-06-03,0.0,0.0,105817.14,375.57,83171871.0,998446.0,24723.0,1.11
2022-06-04,0.0,0.0,105817.14,375.57,83171871.0,998446.0,24076.0,1.09
2022-06-05,675627.0,1979.0,96518.14,282.71,83847498.0,1000425.0,24305.0,1.07
2022-06-06,0.0,0.0,96518.14,282.71,83847498.0,1000425.0,24716.0,1.06
2022-06-07,0.0,0.0,96518.14,282.71,83847498.0,1000425.0,24981.0,1.02
2022-06-08,0.0,0.0,96518.14,282.71,83847498.0,1000425.0,25421.0,1.01
2022-06-09,0.0,0.0,96518.14,282.71,83847498.0,1000425.0,25600.0,1.01
2022-06-10,0.0,0.0,96518.14,282.71,83847498.0,1000425.0,25365.0,1.0
2022-06-11,0.0,0.0,96518.14,282.71,83847498.0,1000425.0,24983.0,1.01
2022-06-12,741044.0,2284.0,105863.43,326.29,84588542.0,1002709.0,25159.0,1.02
2022-06-13,0.0,0.0,105863.43,326.29,84588542.0,1002709.0,25689.0,1.02
2022-06-14,0.0,0.0,105863.43,326.29,84588542.0,1002709.0,26042.0,1.0
2022-06-15,0.0,0.0,105863.43,326.29,84588542.0,1002709.0,26413.0,1.0
2022-06-16,0.0,0.0,105863.43,326.29,84588542.0,1002709.0,26235.0,1.0
2022-06-17,0.0,0.0,105863.43,326.29,84588542.0,1002709.0,26221.0,1.01
2022-06-18,0.0,0.0,105863.43,326.29,84588542.0,1002709.0,25557.0,1.0
2022-06-19,672256.0,2202.0,96036.57,314.57,85260798.0,1004911.0,25736.0,1.0
2022-06-20,0.0,0.0,96036.57,314.57,85260798.0,1004911.0,26414.0,0.99
2022-06-21,0.0,0.0,96036.57,314.57,85260798.0,1004911.0,26719.0,1.02
2022-06-22,0.0,0.0,96036.57,314.57,85260798.0,1004911.0,27312.0,1.03
2022-06-23,0.0,0.0,96036.57,314.57,85260798.0,1004911.0,27712.0,1.04
2022-06-24,0.0,0.0,96036.57,314.57,85260798.0,1004911.0,27794.0,1.05
2022-06-25,0.0,0.0,96036.57,314.57,85260798.0,1004911.0,27675.0,1.07
2022-06-26,709637.0,2501.0,101376.71,357.29,85970435.0,1007412.0,28123.0,1.08
2022-06-27,0.0,0.0,101376.71,357.29,85970435.0,1007412.0,29133.0,1.09
2022-06-28,0.0,0.0,101376.71,357.29,85970435.0,1007412.0,29548.0,1.07
2022-06-29,0.0,0.0,101376.71,357.29,85970435.0,1007412.0,29938.0,1.07
2022-06-30,0.0,0.0,101376.71,357.29,85970435.0,1007412.0,30017.0,1.08
2022-07-01,0.0,0.0,101376.71,357.29,85970435.0,1007412.0,30087.0,1.06
2022-07-02,0.0,0.0,101376.71,357.29,85970435.0,1007412.0,29807.0,1.04
2022-07-03,773772.0,2642.0,110538.86,377.43,86744207.0,1010054.0,30088.0,1.02
2022-07-04,0.0,0.0,110538.86,377.43,86744207.0,1010054.0,30720.0,1.01
2022-07-05,0.0,0.0,110538.86,377.43,86744207.0,1010054.0,32096.0,1.05
2022-07-06,0.0,0.0,110538.86,377.43,86744207.0,1010054.0,33435.0,1.07
2022-07-07,0.0,0.0,110538.86,377.43,86744207.0,1010054.0,33925.0,1.08
2022-07-08,0.0,0.0,110538.86,377.43,86744207.0,1010054.0,34217.0,1.1
2022-07-09,0.0,0.0,110538.86,377.43,86744207.0,1010054.0,33571.0,1.12
2022-07-10,743769.0,2454.0,106252.71,350.57,87487976.0,1012508.0,34039.0,1.14
2022-07-11,0.0,0.0,106252.71,350.57,87487976.0,1012508.0,35321.0,1.16
2022-07-12,0.0,0.0,106252.71,350.57,87487976.0,1012508.0,36028.0,1.14
2022-07-13,0.0,0.0,106252.71,350.57,87487976.0,1012508.0,36788.0,1.12
2022-07-14,0.0,0.0,106252.71,350.57,87487976.0,1012508.0,37170.0,1.1
2022-07-15,0.0,0.0,106252.71,350.57,87487976.0,1012508.0,36997.0,1.09
2022-07-16,0.0,0.0,106252.71,350.57,87487976.0,1012508.0,36300.0,1.08
2022-07-17,888229.0,2785.0,126889.86,397.86,88376205.0,1015293.0,36791.0,1.07
2022-07-18,0.0,0.0,126889.86,397.86,88376205.0,1015293.0,38047.0,1.05
2022-07-19,0.0,0.0,126889.86,397.86,88376205.0,1015293.0,38840.0,1.04
2022-07-20,0.0,0.0,126889.86,397.86,88376205.0,1015293.0,39366.0,1.03
2022-07-21,0.0,0.0,126889.86,397.86,88376205.0,1015293.0,39394.0,1.03
2022-07-22,0.0,0.0,126889.86,397.86,88376205.0,1015293.0,39177.0,1.03
2022-07-23,0.0,0.0,126889.86,397.86,88376205.0,1015293.0,38487.0,1.04
2022-07-24,908695.0,3187.0,129813.57,455.29,89284900.0,1018480.0,38668.0,1.05
2022-07-25,0.0,0.0,129813.57,455.29,89284900.0,1018480.0,39693.0,1.06
2022-07-26,0.0,0.0,129813.57,455.29,89284900.0,1018480.0,39965.0,1.06
2022-07-27,0.0,0.0,129813.57,455.29,89284900.0,1018480.0,40250.0,1.05
2022-07-28,0.0,0.0,129813.57,455.29,89284900.0,1018480.0,40131.0,1.03
2022-07-29,0.0,0.0,129813.57,455.29,89284900.0,1018480.0,39540.0,1.02
2022-07-30,0.0,0.0,129813.57,455.29,89284900.0,1018480.0,38395.0,1.0
2022-07-31,947983.0,3113.0,135426.14,444.71,90232883.0,1021593.0,38690.0,0.98
2022-08-01,0.0,0.0,135426.14,444.71,90232883.0,1021593.0,39446.0,0.97
2022-08-02,0.0,0.0,135426.14,444.71,90232883.0,1021593.0,39536.0,0.95
2022-08-03,0.0,0.0,135426.14,444.71,90232883.0,1021593.0,39865.0,0.95
2022-08-04,0.0,0.0,135426.14,444.71,90232883.0,1021593.0,39226.0,0.96
2022-08-05,0.0,0.0,135426.14,444.71,90232883.0,1021593.0,38974.0,0.95
2022-08-06,0.0,0.0,135426.14,444.71,90232883.0,1021593.0,37959.0,0.95
2022-08-07,788051.0,3261.0,112578.71,465.86,91020934.0,1024854.0,38038.0,0.96
2022-08-08,0.0,0.0,112578.71,465.86,91020934.0,1024854.0,38319.0,0.97
2022-08-09,0.0,0.0,112578.71,465.86,91020934.0,1024854.0,38477.0,0.97
2022-08-10,0.0,0.0,112578.71,465.86,91020934.0,1024854.0,38269.0,0.97
2022-08-11,0.0,0.0,112578.71,465.86,91020934.0,1024854.0,37896.0,0.97
2022-08-12,0.0,0.0,112578.71,465.86,91020934.0,1024854.0,37286.0,0.97
2022-08-13,0.0,0.0,112578.71,465.86,91020934.0,1024854.0,35823.0,0.97
2022-08-14,701618.0,3442.0,100231.14,491.71,91722552.0,1028296.0,36056.0,0.94
2022-08-15,0.0,0.0,100231.14,491.71,91722552.0,1028296.0,36801.0,0.91
2022-08-16,0.0,0.0,100231.14,491.71,91722552.0,1028296.0,36506.0,0.89
2022-08-17,0.0,0.0,100231.14,491.71,91722552.0,1028296.0,36275.0,0.87
2022-08-18,0.0,0.0,100231.14,491.71,91722552.0,1028296.0,35573.0,0.88
2022-08-19,0.0,0.0,100231.14,491.71,91722552.0,1028296.0,34961.0,0.89
2022-08-20,0.0,0.0,100231.14,491.71,91722552.0,1028296.0,33887.0,0.91
2022-08-21,644925.0,3231.0,92132.14,461.57,92367477.0,1031527.0,34097.0,0.94
2022-08-22,0.0,0.0,92132.14,461.57,92367477.0,1031527.0,34720.0,0.97
2022-08-23,0.0,0.0,92132.14,461.57,92367477.0,1031527.0,34472.0,0.97
2022-08-24,0.0,0.0,92132.14,461.57,92367477.0,1031527.0,34085.0,0.97
2022-08-25,0.0,0.0,92132.14,461.57,92367477.0,1031527.0,33568.0,0.97
2022-08-26,0.0,0.0,92132.14,461.57,92367477.0,1031527.0,33132.0,0.97
2022-08-27,0.0,0.0,92132.14,461.57,92367477.0,1031527.0,32073.0,0.96
2022-08-28,610329.0,3221.0,87189.86,460.14,92977806.0,1034748.0,32133.0,0.94
2022-08-29,0.0,0.0,87189.86,460.14,92977806.0,1034748.0,32571.0,0.94
2022-08-30,0.0,0.0,87189.86,460.14,92977806.0,1034748.0,32463.0,0.92
2022-08-31,0.0,0.0,87189.86,460.14,92977806.0,1034748.0,32441.0,0.92
2022-09-01,0.0,0.0,87189.86,460.14,92977806.0,1034748.0,31491.0,0.9
2022-09-02,0.0,0.0,87189.86,460.14,92977806.0,1034748.0,30932.0,0.89
2022-09-03,0.0,0.0,87189.86,460.14,92977806.0,1034748.0,29864.0,0.88
2022-09-04,580363.0,3090.0,82909.0,441.43,93558169.0,1037838.0,29694.0,0.88
2022-09-05,0.0,0.0,82909.0,441.43,93558169.0,1037838.0,30329.0,0.89
2022-09-06,0.0,0.0,82909.0,441.43,93558169.0,1037838.0,31065.0,0.93
2022-09-07,0.0,0.0,82909.0,441.43,93558169.0,1037838.0,30928.0,0.94
2022-09-08,0.0,0.0,82909.0,441.43,93558169.0,1037838.0,30445.0,0.95
2022-09-09,0.0,0.0,82909.0,441.43,93558169.0,1037838.0,29873.0,0.95
2022-09-10,0.0,0.0,82909.0,441.43,93558169.0,1037838.0,27877.0,0.94
2022-09-11,449509.0,2625.0,64215.57,375.0,94007678.0,1040463.0,27990.0,0.92
2022-09-12,0.0,0.0,64215.57,375.0,94007678.0,1040463.0,28291.0,0.9
2022-09-13,0.0,0.0,64215.57,375.0,94007678.0,1040463.0,27824.0,0.88
2022-09-14,0.0,0.0,64215.57,375.0,94007678.0,1040463.0,27443.0,0.87
2022-09-15,0.0,0.0,64215.57,375.0,94007678.0,1040463.0,26772.0,0.86
2022-09-16,0.0,0.0,64215.57,375.0,94007678.0,1040463.0,26096.0,0.86
2022-09-17,0.0,0.0,64215.57,375.0,94007678.0,1040463.0,25096.0,0.88
2022-09-18,406901.0,2899.0,58128.71,414.14,94414579.0,1043362.0,25162.0,0.89
2022-09-19,0.0,0.0,58128.71,414.14,94414579.0,1043362.0,25866.0,0.91
2022-09-20,0.0,0.0,58128.71,414.14,94414579.0,1043362.0,25537.0,0.92
2022-09-21,0.0,0.0,58128.71,414.14,94414579.0,1043362.0,25155.0,0.93
2022-09-22,0.0,0.0,58128.71,414.14,94414579.0,1043362.0,24945.0,0.94
2022-09-23,0.0,0.0,58128.71,414.14,94414579.0,1043362.0,24489.0,0.95
2022-09-24,0.0,0.0,58128.71,414.14,94414579.0,1043362.0,23353.0,0.94
2022-09-25,368725.0,2705.0,52675.0,386.43,94783304.0,1046067.0,23322.0,0.92
2022-09-26,0.0,0.0,52675.0,386.43,94783304.0,1046067.0,23851.0,0.9
2022-09-27,0.0,0.0,52675.0,386.43,94783304.0,1046067.0,23655.0,0.89
2022-09-28,0.0,0.0,52675.0,386.43,94783304.0,1046067.0,23556.0,0.89
2022-09-29,0.0,0.0,52675.0,386.43,94783304.0,1046067.0,23287.0,0.89
2022-09-30,0.0,0.0,52675.0,386.43,94783304.0,1046067.0,22716.0,0.87
2022-10-01,0.0,0.0,52675.0,386.43,94783304.0,1046067.0,21783.0,0.88
2022-10-02,321234.0,2982.0,45890.57,426.0,95104538.0,1049049.0,21933.0,0.89
2022-10-03,0.0,0.0,45890.57,426.0,95104538.0,1049049.0,22669.0,0.89
2022-10-04,0.0,0.0,45890.57,426.0,95104538.0,1049049.0,22723.0,0.89
2022-10-05,0.0,0.0,45890.57,426.0,95104538.0,1049049.0,22581.0,0.89
2022-10-06,0.0,0.0,45890.57,426.0,95104538.0,1049049.0,22263.0,0.9
2022-10-07,0.0,0.0,45890.57,426.0,95104538.0,1049049.0,21779.0,0.92
2022-10-08,0.0,0.0,45890.57,426.0,95104538.0,1049049.0,21219.0,0.92
2022-10-09,280584.0,2560.0,40083.43,365.71,95385122.0,1051609.0,21340.0,0.91
2022-10-10,0.0,0.0,40083.43,365.71,95385122.0,1051609.0,21808.0,0.89
2022-10-11,0.0,0.0,40083.43,365.71,95385122.0,1051609.0,21990.0,0.91
2022-10-12,0.0,0.0,40083.43,365.71,95385122.0,1051609.0,21789.0,0.91
2022-10-13,0.0,0.0,40083.43,365.71,95385122.0,1051609.0,21762.0,0.91
2022-10-14,0.0,0.0,40083.43,365.71,95385122.0,1051609.0,21544.0,0.91
2022-10-15,0.0,0.0,40083.43,365.71,95385122.0,1051609.0,20862.0,0.93
2022-10-16,251280.0,2274.0,35897.14,324.86,95636402.0,1053883.0,21076.0,0.94
2022-10-17,0.0,0.0,35897.14,324.86,95636402.0,1053883.0,21801.0,0.95
2022-10-18,0.0,0.0,35897.14,324.86,95636402.0,1053883.0,21768.0,0.96
2022-10-19,0.0,0.0,35897.14,324.86,95636402.0,1053883.0,21809.0,0.97
2022-10-20,0.0,0.0,35897.14,324.86,95636402.0,1053883.0,21636.0,0.99
2022-10-21,0.0,0.0,35897.14,324.86,95636402.0,1053883.0,21459.0,1.02
2022-10-22,0.0,0.0,35897.14,324.86,95636402.0,1053883.0,21021.0,1.02
2022-10-23,283734.0,2955.0,40533.43,422.14,95920136.0,1056838.0,21143.0,1.02
2022-10-24,0.0,0.0,40533.43,422.14,95920136.0,1056838.0,21846.0,1.02
2022-10-25,0.0,0.0,40533.43,422.14,95920136.0,1056838.0,22213.0,1.01
2022-10-26,0.0,0.0,40533.43,422.14,95920136.0,1056838.0,22478.0,1.02
2022-10-27,0.0,0.0,40533.43,422.14,95920136.0,1056838.0,22292.0,1.02
2022-10-28,0.0,0.0,40533.43,422.14,95920136.0,1056838.0,21933.0,1.03
2022-10-29,0.0,0.0,40533.43,422.14,95920136.0,1056838.0,21161.0,1.04
2022-10-30,255156.0,3081.0,36450.86,440.14,96175292.0,1059919.0,21280.0,1.05
2022-10-31,0.0,0.0,36450.86,440.14,96175292.0,1059919.0,21804.0,1.07
2022-11-01,0.0,0.0,36450.86,440.14,96175292.0,1059919.0,22015.0,1.07
2022-11-02,0.0,0.0,36450.86,440.14,96175292.0,1059919.0,22332.0,1.07
2022-11-03,0.0,0.0,36450.86,440.14,96175292.0,1059919.0,22317.0,1.08
2022-11-04,0.0,0.0,36450.86,440.14,96175292.0,1059919.0,22098.0,1.08
2022-11-05,0.0,0.0,36450.86,440.14,96175292.0,1059919.0,21663.0,1.06
2022-11-06,267304.0,2463.0,38186.29,351.86,96442596.0,1062382.0,21968.0,1.05
2022-11-07,0.0,0.0,38186.29,351.86,96442596.0,1062382.0,22699.0,1.03
2022-11-08,0.0,0.0,38186.29,351.86,96442596.0,1062382.0,22862.0,1.03
2022-11-09,0.0,0.0,38186.29,351.86,96442596.0,1062382.0,22449.0,1.06
2022-11-10,0.0,0.0,38186.29,351.86,96442596.0,1062382.0,22186.0,1.06
2022-11-11,0.0,0.0,38186.29,351.86,96442596.0,1062382.0,21944.0,1.04
2022-11-12,0.0,0.0,38186.29,351.86,96442596.0,1062382.0,21578.0,1.06
2022-11-13,282897.0,2290.0,40413.86,327.14,96725493.0,1064672.0,21968.0,1.08
2022-11-14,0.0,0.0,40413.86,327.14,96725493.0,1064672.0,22555.0,1.11
2022-11-15,0.0,0.0,40413.86,327.14,96725493.0,1064672.0,22327.0,1.11
2022-11-16,0.0,0.0,40413.86,327.14,96725493.0,1064672.0,22462.0,1.1
2022-11-17,0.0,0.0,40413.86,327.14,96725493.0,1064672.0,22264.0,1.11
2022-11-18,0.0,0.0,40413.86,327.14,96725493.0,1064672.0,22266.0,1.12
2022-11-19,0.0,0.0,40413.86,327.14,96725493.0,1064672.0,21834.0,1.1
2022-11-20,274984.0,2202.0,39283.43,314.57,97000477.0,1066874.0,22134.0,1.09
2022-11-21,0.0,0.0,39283.43,314.57,97000477.0,1066874.0,23140.0,1.07
2022-11-22,0.0,0.0,39283.43,314.57,97000477.0,1066874.0,23595.0,1.06
2022-11-23,0.0,0.0,39283.43,314.57,97000477.0,1066874.0,23629.0,1.04
2022-11-24,0.0,0.0,39283.43,314.57,97000477.0,1066874.0,23387.0,1.01
2022-11-25,0.0,0.0,39283.43,314.57,97000477.0,1066874.0,24368.0,1.04
2022-11-26,0.0,0.0,39283.43,314.57,97000477.0,1066874.0,25121.0,1.11
2022-11-27,300171.0,2619.0,42881.57,374.14,97300648.0,1069493.0,26399.0,1.18
2022-11-28,0.0,0.0,42881.57,374.14,97300648.0,1069493.0,28052.0,1.25
2022-11-29,0.0,0.0,42881.57,374.14,97300648.0,1069493.0,29235.0,1.27
2022-11-30,0.0,0.0,42881.57,374.14,97300648.0,1069493.0,30009.0,1.29
2022-12-01,0.0,0.0,42881.57,374.14,97300648.0,1069493.0,30240.0,1.3
2022-12-02,0.0,0.0,42881.57,374.14,97300648.0,1069493.0,30154.0,1.29
2022-12-03,0.0,0.0,42881.57,374.14,97300648.0,1069493.0,29687.0,1.26
2022-12-04,302599.0,1763.0,43228.43,251.86,97603247.0,1071256.0,30202.0,1.25
2022-12-05,0.0,0.0,43228.43,251.86,97603247.0,1071256.0,31445.0,1.24
2022-12-06,0.0,0.0,43228.43,251.86,97603247.0,1071256.0,32046.0,1.24
2022-12-07,0.0,0.0,43228.43,251.86,97603247.0,1071256.0,32325.0,1.22
2022-12-08,0.0,0.0,43228.43,251.86,97603247.0,1071256.0,32534.0,1.19
2022-12-09,0.0,0.0,43228.43,251.86,97603247.0,1071256.0,32353.0,1.16
2022-12-10,0.0,0.0,43228.43,251.86,97603247.0,1071256.0,31649.0,1.15
2022-12-11,462223.0,3035.0,66031.86,433.57,98065470.0,1074291.0,32163.0,1.15
2022-12-12,0.0,0.0,66031.86,433.57,98065470.0,1074291.0,33527.0,1.15
2022-12-13,0.0,0.0,66031.86,433.57,98065470.0,1074291.0,33805.0,1.14
2022-12-14,0.0,0.0,66031.86,433.57,98065470.0,1074291.0,33491.0,1.14
2022-12-15,0.0,0.0,66031.86,433.57,98065470.0,1074291.0,34359.0,1.13
2022-12-16,0.0,0.0,66031.86,433.57,98065470.0,1074291.0,34149.0,1.12
2022-12-17,0.0,0.0,66031.86,433.57,98065470.0,1074291.0,33764.0,1.1
2022-12-18,446014.0,2652.0,63716.29,378.86,98511484.0,1076943.0,34378.0,1.08
2022-12-19,0.0,0.0,63716.29,378.86,98511484.0,1076943.0,35035.0,1.07
2022-12-20,0.0,0.0,63716.29,378.86,98511484.0,1076943.0,35670.0,1.04
2022-12-21,0.0,0.0,63716.29,378.86,98511484.0,1076943.0,35716.0,1.05
2022-12-22,0.0,0.0,63716.29,378.86,98511484.0,1076943.0,35197.0,1.01
2022-12-23,0.0,0.0,63716.29,378.86,98511484.0,1076943.0,34810.0,0.99
2022-12-24,0.0,0.0,63716.29,378.86,98511484.0,1076943.0,33898.0,0.97
2022-12-25,508009.0,3033.0,72572.71,433.29,99019493.0,1079976.0,33974.0,0.95
2022-12-26,0.0,0.0,72572.71,433.29,99019493.0,1079976.0,35701.0,0.93
2022-12-27,0.0,0.0,72572.71,433.29,99019493.0,1079976.0,37487.0,0.94
2022-12-28,0.0,0.0,72572.71,433.29,99019493.0,1079976.0,38828.0,0.92
2022-12-29,0.0,0.0,72572.71,433.29,99019493.0,1079976.0,39661.0,0.93
2022-12-30,0.0,0.0,72572.71,433.29,99019493.0,1079976.0,39793.0,0.93
2022-12-31,0.0,0.0,72572.71,433.29,99019493.0,1079976.0,39594.0,0.92
2023-01-01,392203.0,2480.0,56029.0,354.29,99411696.0,1082456.0,40482.0,0.9
2023-01-02,0.0,0.0,56029.0,354.29,99411696.0,1082456.0,41874.0,0.88
2023-01-03,0.0,0.0,56029.0,354.29,99411696.0,1082456.0,43184.0,
2023-01-04,0.0,0.0,56029.0,354.29,99411696.0,1082456.0,43676.0,
2023-01-05,0.0,0.0,56029.0,354.29,99411696.0,1082456.0,42824.0,
2023-01-06,0.0,0.0,56029.0,354.29,99411696.0,1082456.0,41863.0,
2023-01-07,0.0,0.0,56029.0,354.29,99411696.0,1082456.0,40082.0,
2023-01-08,471714.0,2764.0,67387.71,394.86,99883410.0,1085220.0,40334.0,
2023-01-09,0.0,0.0,67387.71,394.86,99883410.0,1085220.0,40620.0,
2023-01-10,0.0,0.0,67387.71,394.86,99883410.0,1085220.0,39660.0,
2023-01-11,0.0,0.0,67387.71,394.86,99883410.0,1085220.0,38468.0,
2023-01-12,0.0,0.0,67387.71,394.86,99883410.0,1085220.0,37289.0,
2023-01-13,0.0,0.0,67387.71,394.86,99883410.0,1085220.0,35891.0,
2023-01-14,0.0,0.0,67387.71,394.86,99883410.0,1085220.0,34620.0,
2023-01-15,448092.0,4407.0,64013.14,629.57,100331502.0,1089627.0,34253.0,
2023-01-16,0.0,0.0,64013.14,629.57,100331502.0,1089627.0,34397.0,
2023-01-17,0.0,0.0,64013.14,629.57,100331502.0,1089627.0,33923.0,
2023-01-18,0.0,0.0,64013.14,629.57,100331502.0,1089627.0,33217.0,
2023-01-19,0.0,0.0,64013.14,629.57,100331502.0,1089627.0,32064.0,
2023-01-20,0.0,0.0,64013.14,629.57,100331502.0,1089627.0,31039.0,
2023-01-21,0.0,0.0,64013.14,629.57,100331502.0,1089627.0,29579.0,
2023-01-22,308025.0,3664.0,44003.57,523.43,100639527.0,1093291.0,29548.0,
2023-01-23,0.0,0.0,44003.57,523.43,100639527.0,1093291.0,29764.0,
2023-01-24,0.0,0.0,44003.57,523.43,100639527.0,1093291.0,29253.0,
2023-01-25,0.0,0.0,44003.57,523.43,100639527.0,1093291.0,28893.0,
2023-01-26,0.0,0.0,44003.57,523.43,100639527.0,1093291.0,27925.0,
2023-01-27,0.0,0.0,44003.57,523.43,100639527.0,1093291.0,27030.0,
2023-01-28,0.0,0.0,44003.57,523.43,100639527.0,1093291.0,26065.0,
2023-01-29,294867.0,3743.0,42123.86,534.71,100934394.0,1097034.0,26244.0,
2023-01-30,0.0,0.0,42123.86,534.71,100934394.0,1097034.0,26733.0,
2023-01-31,0.0,0.0,42123.86,534.71,100934394.0,1097034.0,26364.0,
2023-02-01,0.0,0.0,42123.86,534.71,100934394.0,1097034.0,25875.0,
2023-02-02,0.0,0.0,42123.86,534.71,100934394.0,1097034.0,25361.0,
2023-02-03,0.0,0.0,42123.86,534.71,100934394.0,1097034.0,24662.0,
2023-02-04,0.0,0.0,42123.86,534.71,100934394.0,1097034.0,23868.0,
2023-02-05,285402.0,3452.0,40771.71,493.14,101219796.0,1100486.0,24044.0,
2023-02-06,0.0,0.0,40771.71,493.14,101219796.0,1100486.0,24815.0,
2023-02-07,0.0,0.0,40771.71,493.14,101219796.0,1100486.0,24542.0,
2023-02-08,0.0,0.0,40771.71,493.14,101219796.0,1100486.0,24434.0,
2023-02-09,0.0,0.0,40771.71,493.14,101219796.0,1100486.0,24001.0,
2023-02-10,0.0,0.0,40771.71,493.14,101219796.0,1100486.0,23707.0,
2023-02-11,0.0,0.0,40771.71,493.14,101219796.0,1100486.0,23042.0,
2023-02-12,278228.0,3440.0,39746.86,491.43,101498024.0,1103926.0,23151.0,
2023-02-13,0.0,0.0,39746.86,491.43,101498024.0,1103926.0,23789.0,
2023-02-14,0.0,0.0,39746.86,491.43,101498024.0,1103926.0,23844.0,
2023-02-15,0.0,0.0,39746.86,491.43,101498024.0,1103926.0,24017.0,
2023-02-16,0.0,0.0,39746.86,491.43,101498024.0,1103926.0,23664.0,
2023-02-17,0.0,0.0,39746.86,491.43,101498024.0,1103926.0,23255.0,
2023-02-18,0.0,0.0,39746.86,491.43,101498024.0,1103926.0,22407.0,
2023-02-19,254372.0,2857.0,36338.86,408.14,101752396.0,1106783.0,22647.0,
2023-02-20,0.0,0.0,36338.86,408.14,101752396.0,1106783.0,22962.0,
2023-02-21,0.0,0.0,36338.86,408.14,101752396.0,1106783.0,23092.0,
2023-02-22,0.0,0.0,36338.86,408.14,101752396.0,1106783.0,22783.0,
2023-02-23,0.0,0.0,36338.86,408.14,101752396.0,1106783.0,22452.0,
2023-02-24,0.0,0.0,36338.86,408.14,101752396.0,1106783.0,22047.0,
2023-02-25,0.0,0.0,36338.86,408.14,101752396.0,1106783.0,21332.0,
2023-02-26,267168.0,2362.0,38166.86,337.43,102019564.0,1109145.0,21343.0,
2023-02-27,0.0,0.0,38166.86,337.43,102019564.0,1109145.0,21876.0,
2023-02-28,0.0,0.0,38166.86,337.43,102019564.0,1109145.0,21735.0,
2023-03-01,0.0,0.0,38166.86,337.43,102019564.0,1109145.0,21375.0,
2023-03-02,0.0,0.0,38166.86,337.43,102019564.0,1109145.0,20824.0,
2023-03-03,0.0,0.0,38166.86,337.43,102019564.0,1109145.0,20429.0,
2023-03-04,0.0,0.0,38166.86,337.43,102019564.0,1109145.0,19756.0,
2023-03-05,227828.0,2197.0,32546.86,313.86,102247392.0,1111342.0,19858.0,
2023-03-06,0.0,0.0,32546.86,313.86,102247392.0,1111342.0,20208.0,
2023-03-07,0.0,0.0,32546.86,313.86,102247392.0,1111342.0,19952.0,
2023-03-08,0.0,0.0,32546.86,313.86,102247392.0,1111342.0,19340.0,
2023-03-09,0.0,0.0,32546.86,313.86,102247392.0,1111342.0,18708.0,
2023-03-10,0.0,0.0,32546.86,313.86,102247392.0,1111342.0,18189.0,
2023-03-11,0.0,0.0,32546.86,313.86,102247392.0,1111342.0,17567.0,
2023-03-12,170593.0,1887.0,24370.43,269.57,102417985.0,1113229.0,17708.0,
2023-03-13,0.0,0.0,24370.43,269.57,102417985.0,1113229.0,18032.0,
2023-03-14,0.0,0.0,24370.43,269.57,102417985.0,1113229.0,17624.0,
2023-03-15,0.0,0.0,24370.43,269.57,102417985.0,1113229.0,17354.0,
2023-03-16,0.0,0.0,24370.43,269.57,102417985.0,1113229.0,16908.0,
2023-03-17,0.0,0.0,24370.43,269.57,102417985.0,1113229.0,16456.0,
2023-03-18,0.0,0.0,24370.43,269.57,102417985.0,1113229.0,16068.0,
2023-03-19,126613.0,1741.0,18087.57,248.71,102544598.0,1114970.0,16171.0,
2023-03-20,0.0,0.0,18087.57,248.71,102544598.0,1114970.0,16572.0,
2023-03-21,0.0,0.0,18087.57,248.71,102544598.0,1114970.0,16318.0,
2023-03-22,0.0,0.0,18087.57,248.71,102544598.0,1114970.0,15965.0,
2023-03-23,0.0,0.0,18087.57,248.71,102544598.0,1114970.0,15695.0,
2023-03-24,0.0,0.0,18087.57,248.71,102544598.0,1114970.0,15605.0,
2023-03-25,0.0,0.0,18087.57,248.71,102544598.0,1114970.0,15091.0,
2023-03-26,152968.0,2084.0,21852.57,297.71,102697566.0,1117054.0,15131.0,
2023-03-27,0.0,0.0,21852.57,297.71,102697566.0,1117054.0,15506.0,
2023-03-28,0.0,0.0,21852.57,297.71,102697566.0,1117054.0,15416.0,
2023-03-29,0.0,0.0,21852.57,297.71,102697566.0,1117054.0,15077.0,
2023-03-30,0.0,0.0,21852.57,297.71,102697566.0,1117054.0,14750.0,
2023-03-31,0.0,0.0,21852.57,297.71,102697566.0,1117054.0,14284.0,
2023-04-01,0.0,0.0,21852.57,297.71,102697566.0,1117054.0,13654.0,
2023-04-02,176358.0,1746.0,25194.0,249.43,102873924.0,1118800.0,13767.0,
2023-04-03,0.0,0.0,25194.0,249.43,102873924.0,1118800.0,14117.0,
2023-04-04,0.0,0.0,25194.0,249.43,102873924.0,1118800.0,13963.0,
2023-04-05,0.0,0.0,25194.0,249.43,102873924.0,1118800.0,13631.0,
2023-04-06,0.0,0.0,25194.0,249.43,102873924.0,1118800.0,13391.0,
2023-04-07,0.0,0.0,25194.0,249.43,102873924.0,1118800.0,12944.0,
2023-04-08,0.0,0.0,25194.0,249.43,102873924.0,1118800.0,12196.0,
2023-04-09,103472.0,1729.0,14781.71,247.0,102977396.0,1120529.0,12202.0,
2023-04-10,0.0,0.0,14781.71,247.0,102977396.0,1120529.0,12553.0,
2023-04-11,0.0,0.0,14781.71,247.0,102977396.0,1120529.0,12462.0,
2023-04-12,0.0,0.0,14781.71,247.0,102977396.0,1120529.0,12310.0,
2023-04-13,0.0,0.0,14781.71,247.0,102977396.0,1120529.0,12148.0,
2023-04-14,0.0,0.0,14781.71,247.0,102977396.0,1120529.0,11873.0,
2023-04-15,0.0,0.0,14781.71,247.0,102977396.0,1120529.0,11725.0,
2023-04-16,104057.0,1290.0,14865.29,184.29,103081453.0,1121819.0,11744.0,
2023-04-17,0.0,0.0,14865.29,184.29,103081453.0,1121819.0,11901.0,
2023-04-18,0.0,0.0,14865.29,184.29,103081453.0,1121819.0,11623.0,
2023-04-19,0.0,0.0,14865.29,184.29,103081453.0,1121819.0,11341.0,
2023-04-20,0.0,0.0,14865.29,184.29,103081453.0,1121819.0,10997.0,
2023-04-21,0.0,0.0,14865.29,184.29,103081453.0,1121819.0,10736.0,
2023-04-22,0.0,0.0,14865.29,184.29,103081453.0,1121819.0,10267.0,
2023-04-23,98467.0,1198.0,14066.71,171.14,103179920.0,1123017.0,10332.0,
2023-04-24,0.0,0.0,14066.71,171.14,103179920.0,1123017.0,10470.0,
2023-04-25,0.0,0.0,14066.71,171.14,103179920.0,1123017.0,10226.0,
2023-04-26,0.0,0.0,14066.71,171.14,103179920.0,1123017.0,9917.0,
2023-04-27,0.0,0.0,14066.71,171.14,103179920.0,1123017.0,9653.0,
2023-04-28,0.0,0.0,14066.71,171.14,103179920.0,1123017.0,9490.0,
2023-04-29,0.0,0.0,14066.71,171.14,103179920.0,1123017.0,9162.0,
2023-04-30,86484.0,1046.0,12354.86,149.43,103266404.0,1124063.0,9340.0,
2023-05-01,0.0,0.0,12354.86,149.43,103266404.0,1124063.0,9462.0,
2023-05-02,0.0,0.0,12354.86,149.43,103266404.0,1124063.0,9357.0,
2023-05-03,0.0,0.0,12354.86,149.43,103266404.0,1124063.0,9087.0,
2023-05-04,0.0,0.0,12354.86,149.43,103266404.0,1124063.0,8937.0,
2023-05-05,0.0,0.0,12354.86,149.43,103266404.0,1124063.0,8649.0,
2023-05-06,0.0,0.0,12354.86,149.43,103266404.0,1124063.0,8311.0,
2023-05-07,77165.0,1146.0,11023.57,163.71,103343569.0,1125209.0,8426.0,
2023-05-08,0.0,0.0,11023.57,163.71,103343569.0,1125209.0,8715.0,
2023-05-09,0.0,0.0,11023.57,163.71,103343569.0,1125209.0,8720.0,
2023-05-10,0.0,0.0,11023.57,163.71,103343569.0,1125209.0,8574.0,
2023-05-11,0.0,0.0,11023.57,163.71,103343569.0,1125209.0,8405.0,
